video_id,title,category,publish_date,views,watch_time_seconds,likes,comments,shares,thumbnail_style
v001,Brave Cookie Chaos #1,education,2024-12-18,289962,41464566,3131,812,792,colorful
v002,Magic Kitten Mystery #2,entertainment,2024-11-14,2355492,223771740,76388,9842,30376,minimal
v003,Rainbow Kitten Heroes #3,education,2023-01-19,1061621,317424679,24133,5262,2871,cartoon
v004,Happy Kitchen Friends #4,entertainment,2023-09-12,1764999,375944787,56800,4216,29942,minimal
v005,Sleepy Ocean World #5,animation,2023-11-01,1841974,278138074,86502,4080,11676,colorful
v006,Sweet Crayon Daycare #6,education,2024-05-14,456920,179112640,13570,1361,6928,cartoon
v007,Tiny Princess Friends #7,animation,2023-09-10,1692731,599226774,58692,5692,31122,character_closeup
v008,Cool Ocean Builders #8,education,2023-05-10,1487585,458176180,28207,5683,11261,cartoon
v009,Sweet Sunflower Chaos #9,entertainment,2024-02-12,50426,20624234,1616,145,413,character_closeup
v010,Cosmic Cloud World #10,entertainment,2023-02-23,1750023,637008372,68527,7787,29739,colorful
v011,Rainbow Garden Daycare #11,animation,2023-11-15,2409887,978414122,84369,9283,30379,colorful
v012,Super Pirate Party #12,education,2024-04-10,1198644,237331512,51612,2899,9019,minimal
v013,Cosmic Bubble Dreams #13,education,2023-10-18,1392925,373303900,59606,5750,16044,colorful
v014,Sweet Garden Party #14,entertainment,2023-08-27,281314,18285410,8645,1216,3047,colorful
v015,Secret Unicorn Parade #15,education,2023-01-05,339048,71200080,12355,237,2279,colorful
v016,Golden Kitten Daycare #16,entertainment,2023-05-05,2256627,934243578,110436,10071,17006,character_closeup
v017,Funny Dragon Heroes #17,education,2023-11-19,1885011,213006243,62800,5107,31869,bright
v018,Secret Sunflower Builders #18,education,2024-06-15,2041726,351176872,43047,6555,33359,character_closeup
v019,Happy Dinosaur Friends #19,entertainment,2023-09-20,2094111,550751193,71402,1348,34589,minimal
v020,Funny Crayon Champions #20,entertainment,2024-09-02,2334037,693208989,114152,2051,22498,bright
v021,Sleepy Bubble Daycare #21,animation,2023-03-14,926348,63918012,43741,2201,7937,minimal
v022,Tiny Dragon Friends #22,education,2023-02-26,274328,60077832,6577,375,460,cartoon
v023,Fluffy Crayon Adventures #23,education,2024-06-18,399227,155299303,8425,799,2823,character_closeup
v024,Sparkly Space Daycare #24,animation,2024-12-07,2217824,796198816,75538,10356,31822,character_closeup
v025,Silly Robot Daycare #25,education,2023-06-04,125551,18707099,3739,336,1721,minimal
v026,Bouncy Dinosaur Champions #26,education,2024-08-19,846208,226783744,41429,3919,11033,character_closeup
v027,Wild Dragon Dreams #27,animation,2024-05-14,1777488,431929584,81696,2471,28648,bright
v028,Mystery Pirate World #28,education,2023-07-01,12856,1439872,167,35,235,bright
v029,Mystery Ocean Parade #29,animation,2023-08-06,787215,250334370,14745,3192,4603,cartoon
v030,Super Pirate Mystery #30,entertainment,2024-01-04,2388066,157612356,42101,9254,36387,minimal
v031,Bouncy Space Chaos #31,animation,2024-05-31,1718751,610156605,17921,5016,8930,character_closeup
v032,Super Cookie World #32,animation,2023-03-21,573098,39543762,7900,713,6550,cartoon
v033,Rainbow Pirate Daycare #33,education,2024-11-02,850810,134427980,20445,4051,15273,colorful
v034,Golden Cookie Builders #34,animation,2024-01-02,550884,129457740,9902,302,626,cartoon
v035,Tiny Castle Champions #35,animation,2023-02-28,561640,61218760,21135,2801,2659,minimal
v036,Silly Ocean Builders #36,entertainment,2023-06-10,2472321,459851706,105877,4812,6096,minimal
v037,Bouncy Space Champions #37,education,2024-07-23,2097919,331471202,87656,3154,33081,bright
v038,Brave Garden Mystery #38,animation,2023-09-28,2388179,501517590,118179,11395,15686,bright
v039,Silly Unicorn Adventures #39,entertainment,2024-05-03,493302,192881082,24486,1346,6803,character_closeup
v040,Fluffy Dragon Chaos #40,animation,2024-12-15,399784,154316624,12811,1657,3149,colorful
v041,Bouncy Pirate World #41,entertainment,2024-07-06,2420196,392071752,68017,3451,29306,colorful
v042,Little Cloud Adventures #42,education,2023-07-03,2101625,638894000,67607,8710,22355,character_closeup
v043,Rainbow Moon Builders #43,education,2023-09-16,1977563,656550916,22808,3965,5021,cartoon
v044,Magic Garden Sing-Along #44,education,2024-01-27,1169567,242100369,44243,3959,13012,cartoon
v045,Sparkly Cloud Friends #45,entertainment,2024-03-05,938695,244999395,13311,1840,2801,colorful
v046,Mystery Castle Daycare #46,animation,2023-02-13,1165944,216865584,54797,1910,9073,cartoon
v047,Sparkly Kitten Parade #47,animation,2023-10-05,2147610,749515890,75626,1822,27923,minimal
v048,Happy Cookie Party #48,animation,2024-04-21,2296373,948402049,84731,8996,24149,character_closeup
v049,Cool Garden Daycare #49,education,2023-05-17,1672889,267662240,38494,4007,25819,bright
v050,Sweet Cloud Builders #50,animation,2023-08-25,843743,64124468,32664,954,14545,bright
v051,Sleepy Kitchen Adventures #51,education,2024-12-03,2155660,881664940,68154,10666,21639,character_closeup
v052,Cool Pirate Daycare #52,education,2023-12-21,2423642,385359078,80624,7848,23546,colorful
v053,Wild Dragon Chaos #53,entertainment,2023-11-23,1062590,277335990,13870,1668,1355,colorful
v054,Super Kitchen Friends #54,education,2024-07-13,1012623,328089852,16419,1147,17638,minimal
v055,Happy Dragon Sing-Along #55,animation,2023-12-23,2194397,785594126,102652,9263,33707,cartoon
v056,Sweet Bubble Mystery #56,entertainment,2024-01-07,415778,25778236,9173,1151,5731,bright
v057,Funny Space Friends #57,animation,2023-10-25,518982,40999578,7389,696,8030,cartoon
v058,Magic Puppy World #58,animation,2023-10-06,1800430,428502340,18904,4706,5146,cartoon
v059,Cool Dinosaur Parade #59,entertainment,2023-06-22,550910,138829320,26008,2174,6047,bright
v060,Sweet Kitchen Party #60,education,2023-03-08,1420598,265651826,41033,4933,19215,colorful
v061,Sparkly Dinosaur Heroes #61,entertainment,2023-09-07,1844214,427857648,54149,7353,5165,minimal
v062,Silly Castle Parade #62,education,2023-10-18,1120711,175951627,54862,2938,4526,minimal
v063,Silly Robot Adventures #63,education,2023-03-03,2285088,584982528,89226,1177,25124,minimal
v064,Golden Dinosaur Heroes #64,education,2024-04-19,2078797,846070379,78509,3182,16586,cartoon
v065,Secret Unicorn Heroes #65,entertainment,2024-02-12,1184008,310210096,49821,3961,6858,minimal
v066,Cool Kitchen Mystery #66,animation,2023-01-28,1513644,488907012,33748,6390,4810,colorful
v067,Sweet Space Daycare #67,entertainment,2023-03-28,1300621,176884456,26116,5157,24834,bright
v068,Magic Moon Party #68,education,2023-11-30,2275699,291289472,42502,2285,18310,minimal
v069,Little Pirate Dreams #69,entertainment,2024-10-23,1153350,306791100,14795,2590,12133,character_closeup
v070,Happy Castle Parade #70,entertainment,2024-06-27,2020997,402178403,49451,3895,8883,character_closeup
v071,Rainbow Dinosaur World #71,education,2024-01-09,775399,154304401,22167,551,10053,minimal
v072,Fluffy Princess Chaos #72,education,2023-01-24,838144,243061760,12914,1274,9292,cartoon
v073,Rainbow Cookie Adventures #73,animation,2023-06-28,462676,136489420,16724,1775,1653,cartoon
v074,Fluffy Cloud Champions #74,animation,2023-05-22,1976927,723555282,67073,3828,18667,character_closeup
v075,Sleepy Ocean Heroes #75,entertainment,2023-10-15,1868887,390597383,90270,4161,24663,bright
v076,Happy Moon Builders #76,entertainment,2024-01-24,1958465,593414895,76230,8373,12554,minimal
v077,Mystery Kitten Sing-Along #77,animation,2023-12-07,552757,149797147,11360,2269,8221,bright
v078,Brave Cloud Daycare #78,animation,2023-10-20,1251008,293986880,46712,5042,2392,character_closeup
v079,Wild Dinosaur Mystery #79,entertainment,2024-03-14,378750,71962500,6911,923,6408,character_closeup
v080,Little Forest Mystery #80,entertainment,2024-03-01,1328424,463619976,53740,5247,5600,bright
v081,Bouncy Dinosaur Champions #81,animation,2023-01-16,377418,26796678,17326,827,6979,colorful
v082,Silly Dragon Heroes #82,entertainment,2023-03-07,2175917,411248313,25380,1769,42288,bright
v083,Little Robot Adventures #83,animation,2024-07-09,2402454,816834360,80211,7883,12767,colorful
v084,Rainbow Dragon Chaos #84,animation,2023-06-20,766979,273811503,20397,3503,12692,bright
v085,Sleepy Crayon Mystery #85,education,2023-02-14,2479937,999414611,52706,8665,11354,cartoon
v086,Bouncy Garden Party #86,animation,2023-09-25,2442981,305372625,38881,5465,18644,character_closeup
v087,Silly Dragon Sing-Along #87,education,2023-05-11,2066147,634307129,67087,3696,2531,colorful
v088,Mystery Dragon Builders #88,entertainment,2024-07-20,1615364,130844484,74720,1510,19922,minimal
v089,Happy Space Heroes #89,entertainment,2023-11-16,1504496,349043072,55134,4814,25283,minimal
v090,Sweet Pirate Heroes #90,animation,2023-08-14,880943,251949698,27423,4047,6581,minimal
v091,Super Forest Sing-Along #91,entertainment,2023-06-11,2152785,443473710,65095,9825,16755,character_closeup
v092,Silly Castle Dreams #92,education,2023-12-07,73702,26237912,3106,120,1098,minimal
v093,Brave Castle World #93,animation,2024-02-11,1031855,227008100,36619,4929,17975,minimal
v094,Cosmic Puppy Builders #94,entertainment,2023-04-29,712937,228139840,18745,520,8020,cartoon
v095,Super Castle Builders #95,animation,2024-04-23,1822235,271513015,80305,8526,9005,colorful
v096,Bouncy Kitten Friends #96,education,2023-04-28,1544030,171387330,42375,5759,11787,character_closeup
v097,Fluffy Crayon Parade #97,entertainment,2024-04-21,1759919,322065177,69452,3632,14403,colorful
v098,Rainbow Pirate Dreams #98,animation,2024-10-20,361351,95758015,9599,698,6533,bright
v099,Wild Pirate World #99,entertainment,2024-02-17,1569108,558602448,48155,5086,21208,character_closeup
v100,Silly Forest Party #100,entertainment,2024-07-20,2152297,746847059,28796,2590,19648,colorful
v101,Cosmic Castle Adventures #101,entertainment,2023-04-26,211013,63725926,2406,974,2236,character_closeup
v102,Fluffy Pirate Adventures #102,education,2024-01-22,1826436,694045680,21495,8054,8173,colorful
v103,Tiny Ocean Sing-Along #103,entertainment,2024-03-19,852918,81027210,12767,3714,1773,cartoon
v104,Cosmic Ocean Adventures #104,entertainment,2023-04-08,1818261,756396576,43480,1404,32588,bright
v105,Funny Garden Party #105,animation,2023-11-13,489471,86146896,19919,1876,8765,bright
v106,Mystery Cloud Dreams #106,animation,2024-03-10,1411476,204664020,26645,6626,28085,cartoon
v107,Brave Kitten Adventures #107,education,2023-12-25,861726,289539936,18803,3480,17166,bright
v108,Rainbow Dinosaur Champions #108,entertainment,2023-03-03,1575618,477412254,19316,3511,22128,bright
v109,Fluffy Kitten Friends #109,education,2023-03-01,1884249,141318675,74886,6911,19220,character_closeup
v110,Fluffy Kitten World #110,entertainment,2024-06-17,2105189,753657662,74434,3815,15943,bright
v111,Sweet Garden Adventures #111,entertainment,2023-03-06,2199081,604747275,75170,2029,21646,cartoon
v112,Rainbow Garden Heroes #112,education,2024-03-01,2329315,889798330,65129,3086,6258,bright
v113,Tiny Bunny Mystery #113,animation,2024-02-29,428361,149926350,10589,1340,812,bright
v114,Wild Crayon Heroes #114,animation,2023-01-27,1018115,419463380,42838,3529,18712,cartoon
v115,Sweet Sunflower Heroes #115,animation,2024-07-04,1108532,317040152,36013,3407,14787,character_closeup
v116,Magic Pirate Builders #116,animation,2024-05-09,2424424,317599544,36610,11900,15090,minimal
v117,Silly Moon Daycare #117,education,2024-01-22,71290,16895730,1718,280,1346,cartoon
v118,Fluffy Ocean Builders #118,entertainment,2023-11-08,778503,202410780,20562,2768,13630,minimal
v119,Cosmic Castle Sing-Along #119,education,2024-01-04,1948479,122754177,55887,5345,15861,bright
v120,Wild Sunflower Adventures #120,education,2024-04-03,1813349,368109847,87316,5115,35408,bright
v121,Mystery Crayon Chaos #121,animation,2023-09-20,75508,5059036,3378,70,1110,cartoon
v122,Mystery Kitchen Friends #122,animation,2023-06-26,531877,104247892,15035,1528,8026,bright
v123,Silly Cookie Friends #123,education,2023-09-12,1628300,613869100,37905,7276,17797,minimal
v124,Golden Kitten Heroes #124,entertainment,2023-04-19,664134,149430150,7876,3286,7002,minimal
v125,Tiny Garden Friends #125,animation,2023-08-04,1673019,448369092,44392,6357,8531,bright
v126,Cool Sunflower Daycare #126,education,2023-04-03,1002601,162421362,41337,3179,12356,bright
v127,Magic Space World #127,education,2024-08-15,160216,18745272,7056,568,2603,cartoon
v128,Golden Cookie Sing-Along #128,education,2023-07-19,1830155,199486895,78423,7275,19303,minimal
v129,Brave Castle Builders #129,entertainment,2024-10-22,51646,15338862,898,153,930,colorful
v130,Sparkly Kitchen Friends #130,education,2024-07-23,60609,4788111,2075,173,60,character_closeup
v131,Tiny Cloud World #131,education,2023-11-16,2276294,817189546,107178,10185,28182,colorful
v132,Giant Unicorn Champions #132,entertainment,2023-09-21,11382,2287782,342,44,143,cartoon
v133,Little Robot Parade #133,animation,2023-09-24,948492,156501180,17386,584,12473,bright
v134,Cosmic Castle Parade #134,entertainment,2023-02-16,1251193,429159199,14645,3816,14459,colorful
v135,Cosmic Space Party #135,animation,2024-06-02,1030295,97878025,44054,3531,20376,bright
v136,Sleepy Castle Friends #136,entertainment,2024-08-25,127917,34537590,1711,347,2393,cartoon
v137,Bouncy Kitchen Friends #137,entertainment,2024-02-24,791296,140059392,13730,614,1750,cartoon
v138,Wild Crayon Dreams #138,education,2023-12-13,2363212,550628396,59945,6703,28710,minimal
v139,Tiny Garden Dreams #139,animation,2023-05-21,2133566,437381030,66528,2593,17931,bright
v140,Magic Kitten Dreams #140,animation,2023-05-16,1118354,301955580,32167,909,3198,bright
v141,Secret Sunflower Party #141,education,2024-09-18,331619,48747993,13758,1485,6179,minimal
v142,Cool Bunny Parade #142,education,2024-06-10,1202258,461667072,49218,5951,18255,cartoon
v143,Silly Cookie Adventures #143,entertainment,2024-08-25,1156866,451177740,49865,5145,13772,cartoon
v144,Fluffy Cookie Dreams #144,education,2023-07-26,887372,240477812,21202,656,8867,cartoon
v145,Brave Unicorn Heroes #145,entertainment,2024-11-10,1166785,285862325,47886,4855,12025,character_closeup
v146,Rainbow Dinosaur Heroes #146,entertainment,2024-04-18,1816719,319742544,41632,8189,8478,bright
v147,Tiny Kitchen World #147,animation,2023-02-23,346849,100933059,13938,1096,5752,bright
v148,Sparkly Castle Parade #148,entertainment,2024-01-17,1189968,118996800,12670,2692,5266,bright
v149,Happy Princess Chaos #149,animation,2024-06-01,1804700,140766600,37152,7250,8193,cartoon
v150,Sleepy Moon Heroes #150,entertainment,2023-04-12,1038455,203537180,14911,2149,15665,cartoon
v151,Mystery Kitchen Sing-Along #151,education,2023-03-17,650675,236845700,24994,2751,8656,minimal
v152,Tiny Crayon World #152,entertainment,2023-07-18,2246476,280809500,106029,5769,41332,bright
v153,Sleepy Pirate Builders #153,education,2023-03-28,2247549,719215680,74896,3742,42689,cartoon
v154,Sweet Puppy Adventures #154,education,2024-01-06,2312116,564156304,31236,8627,31498,character_closeup
v155,Silly Bubble Chaos #155,education,2024-01-16,1910671,374491516,46866,6895,6235,bright
v156,Sparkly Cookie Daycare #156,education,2024-02-19,491962,122498538,19031,2327,6212,cartoon
v157,Happy Princess Mystery #157,education,2023-09-13,1648691,659476400,36413,7828,16231,minimal
v158,Giant Unicorn Friends #158,animation,2023-09-13,1710935,176226305,74147,7394,12687,character_closeup
v159,Mystery Dinosaur Mystery #159,animation,2023-01-30,2481491,540965038,99247,2372,30919,minimal
v160,Rainbow Garden Heroes #160,animation,2023-08-16,1970783,447367741,37790,2235,12352,colorful
v161,Silly Bunny Adventures #161,education,2023-11-12,924724,80450988,43860,1900,5223,colorful
v162,Sleepy Robot World #162,education,2023-06-29,378330,76422660,17415,1116,4479,cartoon
v163,Cool Sunflower Friends #163,animation,2024-09-05,2040581,240788558,43042,9051,26314,cartoon
v164,Super Kitten Chaos #164,animation,2024-07-03,2480235,587815695,102548,2832,28856,bright
v165,Cosmic Space Chaos #165,education,2023-07-30,1087231,435979631,15168,4432,13098,character_closeup
v166,Funny Kitchen Chaos #166,entertainment,2024-01-28,496349,131036136,8716,1539,701,character_closeup
v167,Happy Dragon Chaos #167,animation,2023-12-23,1744343,268628822,18657,7168,21974,colorful
v168,Sleepy Bunny World #168,animation,2023-07-05,2402763,639134958,111312,5459,34417,cartoon
v169,Sleepy Cookie Daycare #169,education,2023-11-15,1733593,653564561,42477,2153,28811,cartoon
v170,Fluffy Moon Heroes #170,education,2024-05-27,920435,365412695,20459,1050,2898,character_closeup
v171,Brave Moon Party #171,education,2023-06-13,289811,80277647,13388,1036,2498,minimal
v172,Bouncy Kitten Daycare #172,entertainment,2024-04-17,2030083,452708509,91817,8768,17271,cartoon
v173,Sparkly Sunflower Parade #173,animation,2024-09-08,367713,34932735,8207,686,7089,bright
v174,Rainbow Cloud Party #174,animation,2023-10-02,105325,40339475,2798,413,145,character_closeup
v175,Tiny Puppy Dreams #175,animation,2023-05-06,1932588,137213748,93793,2904,18623,minimal
v176,Giant Forest Mystery #176,education,2024-05-15,188853,34371246,8779,282,2925,minimal
v177,Brave Kitten Friends #177,education,2023-03-24,649491,94176195,13449,2355,6112,minimal
v178,Little Bunny Parade #178,education,2024-08-15,533020,72490720,10529,1938,3634,minimal
v179,Secret Cookie Heroes #179,animation,2023-11-04,1630588,150014096,26472,7334,16487,cartoon
v180,Little Cloud Dreams #180,entertainment,2023-03-06,1193672,356907928,27208,2347,14053,character_closeup
v181,Mystery Cookie Daycare #181,education,2023-05-02,1414855,455583310,60527,1856,2890,character_closeup
v182,Secret Space Adventures #182,education,2023-02-13,1813098,661780770,84957,8052,2234,cartoon
v183,Rainbow Ocean World #183,animation,2024-04-25,133870,27175610,3468,414,899,cartoon
v184,Cosmic Dragon Champions #184,animation,2023-02-15,304423,99546321,7361,761,636,cartoon
v185,Brave Castle World #185,education,2024-05-03,1099793,365131276,39220,2147,14141,cartoon
v186,Golden Space Dreams #186,education,2024-02-25,158125,12175625,4995,86,2382,character_closeup
v187,Giant Dragon Parade #187,animation,2023-05-03,1237658,287136656,21658,4910,21775,bright
v188,Sweet Robot Mystery #188,animation,2023-12-11,488258,30271996,21071,1270,4864,cartoon
v189,Wild Forest Adventures #189,animation,2024-11-03,1298303,98671028,31857,4762,23177,minimal
v190,Wild Cookie Daycare #190,animation,2024-06-28,268907,42487306,8177,330,2169,character_closeup
v191,Fluffy Castle Chaos #191,entertainment,2023-10-12,1963578,712778814,94809,9116,14454,minimal
v192,Magic Puppy Mystery #192,entertainment,2023-08-30,720163,156275371,31944,1554,6337,minimal
v193,Brave Cloud Party #193,entertainment,2023-09-29,1569891,543182286,26283,2133,12440,cartoon
v194,Secret Crayon Adventures #194,education,2023-05-15,556173,33370380,26985,412,3226,cartoon
v195,Happy Pirate Friends #195,entertainment,2023-10-03,275151,105107682,4690,513,2726,character_closeup
v196,Bouncy Moon Adventures #196,education,2023-07-16,2325726,972153468,35161,4845,30122,colorful
v197,Brave Cloud Parade #197,education,2024-12-10,90671,28652036,2948,254,621,colorful
v198,Giant Crayon Daycare #198,education,2024-04-06,32293,3875160,482,85,481,character_closeup
v199,Funny Cloud Champions #199,education,2023-10-31,1878494,606753562,60577,7821,8948,colorful
v200,Sleepy Cloud Chaos #200,animation,2024-01-14,987674,149138774,29400,1972,15038,character_closeup
v201,Mystery Cookie Adventures #201,education,2023-07-18,342369,70870383,10396,1052,999,minimal
v202,Cosmic Bunny Mystery #202,entertainment,2024-02-05,323804,120131284,7396,1086,2711,cartoon
v203,Happy Kitchen Heroes #203,animation,2023-06-23,1652812,259491484,63943,1793,24838,colorful
v204,Cool Kitten Party #204,entertainment,2023-10-18,1990429,185109897,91390,8201,38780,minimal
v205,Fluffy Pirate Party #205,animation,2023-09-27,1834237,719020904,26308,2815,9049,bright
v206,Tiny Forest Mystery #206,entertainment,2023-10-30,1210021,430767476,23627,5734,22640,character_closeup
v207,Cosmic Puppy Sing-Along #207,entertainment,2023-05-06,1704401,477232280,77375,3606,33742,character_closeup
v208,Little Unicorn World #208,entertainment,2024-05-18,1061803,234658463,43628,859,2782,character_closeup
v209,Rainbow Sunflower Daycare #209,education,2024-12-23,1972081,295812150,70939,3033,36985,bright
v210,Cosmic Castle Heroes #210,animation,2023-04-06,1622090,136255560,41670,2486,31774,cartoon
v211,Fluffy Puppy Party #211,entertainment,2024-12-12,1084448,412090240,43134,2653,12159,cartoon
v212,Mystery Dragon Sing-Along #212,animation,2023-03-10,810193,293289866,35703,611,13999,bright
v213,Happy Pirate Sing-Along #213,entertainment,2024-08-14,22375,8077375,892,41,104,colorful
v214,Happy Space Sing-Along #214,entertainment,2024-08-24,1552379,350837654,51513,1754,31027,bright
v215,Brave Bubble Dreams #215,education,2024-05-08,716180,153262520,9068,2167,10488,cartoon
v216,Silly Moon Mystery #216,education,2024-09-19,1096929,196350291,42849,1097,5609,colorful
v217,Cool Bunny Heroes #217,education,2023-09-15,2227183,714925743,99305,1802,5648,minimal
v218,Little Bunny Chaos #218,animation,2023-09-14,1277625,481664625,63649,3419,6162,cartoon
v219,Super Space Builders #219,entertainment,2023-10-24,2096149,268307072,83198,6385,29887,colorful
v220,Brave Castle Mystery #220,entertainment,2023-06-12,794696,225693664,28367,3355,14607,bright
v221,Silly Garden Mystery #221,education,2024-03-04,70207,14673263,1782,205,1349,minimal
v222,Giant Castle Mystery #222,entertainment,2024-09-22,2371728,251403168,93135,11016,42679,colorful
v223,Sparkly Garden Adventures #223,entertainment,2023-12-24,1255570,340259470,29000,1745,6408,bright
v224,Brave Cloud Sing-Along #224,education,2023-04-20,1753171,594324969,29570,6895,25930,cartoon
v225,Brave Princess Dreams #225,entertainment,2023-05-30,2194702,535507288,95883,8670,41482,bright
v226,Tiny Crayon World #226,animation,2023-08-15,1315383,547199328,24705,5865,13399,character_closeup
v227,Cosmic Puppy Chaos #227,animation,2024-12-18,1078952,279448568,14347,1612,15632,bright
v228,Mystery Princess Heroes #228,entertainment,2024-06-13,1261950,200650050,29570,5128,13848,character_closeup
v229,Sleepy Pirate Heroes #229,animation,2023-03-20,1367883,532106487,60820,3236,12536,minimal
v230,Wild Puppy Heroes #230,entertainment,2024-10-21,1138480,422376080,34831,1218,12902,character_closeup
v231,Silly Dinosaur Parade #231,animation,2023-03-17,401357,40938414,14458,574,2524,minimal
v232,Mystery Bunny Champions #232,animation,2023-07-07,1232032,326488480,39165,4434,18467,minimal
v233,Rainbow Moon Sing-Along #233,entertainment,2023-03-15,1470248,480771096,48844,7016,19881,character_closeup
v234,Fluffy Cloud Daycare #234,education,2024-09-01,1380714,385219206,28196,6433,2529,cartoon
v235,Little Sunflower Party #235,entertainment,2024-11-30,1479954,395147718,49770,2793,8687,colorful
v236,Giant Pirate Heroes #236,entertainment,2024-09-15,1078485,416295210,11045,4641,2450,minimal
v237,Sparkly Garden Builders #237,education,2024-12-27,278562,78554484,6192,545,2233,cartoon
v238,Rainbow Bunny Adventures #238,animation,2024-03-06,1986847,564264548,28302,1929,6830,character_closeup
v239,Magic Princess Friends #239,entertainment,2024-04-29,915359,134557773,42971,4510,3232,bright
v240,Mystery Ocean Parade #240,education,2024-10-02,79777,27921950,1535,113,1438,colorful
v241,Brave Moon Daycare #241,animation,2024-11-22,2324316,583403316,48740,2485,39119,bright
v242,Tiny Ocean Chaos #242,entertainment,2024-12-11,1205146,420595954,52062,3055,8951,cartoon
v243,Rainbow Moon Parade #243,education,2024-01-01,389541,51419412,15161,1053,5376,colorful
v244,Tiny Cookie Sing-Along #244,education,2024-12-16,781448,184421728,16201,1285,4203,minimal
v245,Silly Dragon Heroes #245,entertainment,2023-06-21,925369,172118634,41700,2927,6634,character_closeup
v246,Cosmic Dinosaur Adventures #246,entertainment,2024-01-09,1405358,316205550,20784,5051,27134,colorful
v247,Super Moon Parade #247,education,2023-02-23,1620003,155520288,78040,6604,29698,character_closeup
v248,Funny Forest Chaos #248,entertainment,2023-04-22,1282691,528468692,51082,1414,20705,character_closeup
v249,Secret Puppy Adventures #249,education,2024-08-26,2147885,536971250,90843,2207,33546,colorful
v250,Funny Kitchen World #250,animation,2024-02-27,860011,178882288,25576,1617,6908,bright
v251,Cool Pirate Parade #251,animation,2024-09-01,1228614,337868850,12483,5981,8668,cartoon
v252,Cosmic Kitten Dreams #252,education,2024-10-24,812902,213793226,37268,1825,5391,colorful
v253,Sweet Pirate Heroes #253,entertainment,2023-06-07,595739,237104122,14231,2232,4696,colorful
v254,Bouncy Princess Mystery #254,education,2024-03-28,17882,3361816,417,64,158,bright
v255,Happy Bunny Champions #255,animation,2023-01-01,360586,150364362,16805,834,600,cartoon
v256,Rainbow Ocean Champions #256,entertainment,2024-07-30,349116,81693144,12991,488,483,bright
v257,Happy Kitchen Dreams #257,education,2024-03-26,664838,185489802,31983,2521,11847,bright
v258,Cool Moon World #258,animation,2023-10-21,1829007,669416562,84480,3382,14701,bright
v259,Mystery Robot Party #259,education,2024-01-26,1576666,622783070,56775,7663,18460,bright
v260,Golden Castle World #260,animation,2024-06-23,40326,7218354,845,43,307,cartoon
v261,Wild Crayon Mystery #261,education,2024-11-27,858058,287449430,16446,1136,7916,cartoon
v262,Giant Bubble Sing-Along #262,education,2023-05-05,1989276,644525424,37230,5979,2279,colorful
v263,Funny Dinosaur Heroes #263,entertainment,2024-10-14,999247,96926959,35145,4341,4843,colorful
v264,Cool Kitten Champions #264,animation,2024-05-18,1641707,453111132,21527,3666,32827,minimal
v265,Rainbow Bunny World #265,entertainment,2023-07-13,296816,52833248,8767,620,4424,minimal
v266,Little Ocean World #266,animation,2023-08-27,1978840,300783680,79270,1443,26947,cartoon
v267,Funny Kitten Builders #267,animation,2023-08-03,859507,229488369,40729,1602,9060,minimal
v268,Little Kitchen World #268,entertainment,2024-04-10,1863528,505016088,80400,8722,12150,colorful
v269,Bouncy Dinosaur Mystery #269,entertainment,2023-02-25,2057324,207789724,57636,3333,37708,colorful
v270,Golden Dinosaur World #270,entertainment,2023-11-13,2401189,417806886,44938,8951,47316,minimal
v271,Secret Crayon Mystery #271,entertainment,2024-03-25,1093690,324825930,29610,2651,15153,cartoon
v272,Fluffy Ocean Adventures #272,animation,2023-09-19,2392163,724825389,83012,4988,8298,cartoon
v273,Sleepy Ocean Heroes #273,entertainment,2023-08-28,1434487,232386894,32904,2417,10978,bright
v274,Silly Crayon World #274,animation,2023-02-22,123999,9671922,2844,306,1231,bright
v275,Cosmic Bubble Builders #275,education,2024-06-08,1305358,378553820,56814,2183,20278,minimal
v276,Sleepy Garden Dreams #276,entertainment,2023-09-01,210668,19592124,4499,844,3543,cartoon
v277,Sparkly Kitchen Champions #277,entertainment,2023-01-18,2458951,614737750,41792,2068,44184,cartoon
v278,Bouncy Bubble Dreams #278,animation,2023-12-31,1638923,512982899,21416,5725,29622,character_closeup
v279,Secret Dinosaur Dreams #279,entertainment,2024-04-24,413893,49253267,18445,498,5158,minimal
v280,Cool Forest Daycare #280,animation,2024-05-25,2431705,962955180,97212,3313,37414,colorful
v281,Super Castle World #281,education,2023-06-10,1165748,408011800,40604,2751,6972,colorful
v282,Secret Puppy Parade #282,animation,2023-04-18,1684388,301505452,29172,1799,10403,bright
v283,Cosmic Pirate Party #283,animation,2023-11-24,1105262,352578578,31094,2162,7940,character_closeup
v284,Mystery Ocean Daycare #284,entertainment,2024-12-19,1556354,577407334,39253,4325,14570,bright
v285,Super Bunny Champions #285,animation,2024-03-22,2436210,974484000,47976,2674,44812,cartoon
v286,Happy Kitchen Sing-Along #286,education,2024-01-26,2065519,138389773,22858,8128,39186,bright
v287,Mystery Kitten Dreams #287,animation,2024-03-17,1667127,268407447,63563,4839,9726,minimal
v288,Tiny Castle Party #288,entertainment,2023-09-12,1264757,182125008,59109,2161,20367,cartoon
v289,Magic Dinosaur Daycare #289,entertainment,2023-01-02,673162,209353382,7826,998,12388,colorful
v290,Sparkly Castle Mystery #290,education,2024-02-14,559592,152209024,9382,2676,10584,colorful
v291,Little Princess Champions #291,animation,2023-12-22,1784638,207018008,18851,7340,31900,character_closeup
v292,Sparkly Princess Heroes #292,entertainment,2023-12-24,15355,2994225,765,73,39,cartoon
v293,Sleepy Forest Heroes #293,education,2023-06-15,861347,310084920,41118,4093,10471,bright
v294,Little Sunflower Heroes #294,entertainment,2023-12-02,135433,49974777,6406,384,1876,cartoon
v295,Mystery Puppy Chaos #295,animation,2024-08-12,213611,28196652,7731,284,3779,cartoon
v296,Happy Castle Parade #296,education,2024-04-02,2076888,529606440,65095,2746,18300,character_closeup
v297,Sparkly Sunflower Party #297,animation,2024-12-23,1359873,436519233,33050,683,23518,cartoon
v298,Happy Moon Mystery #298,animation,2023-05-12,2362637,753681203,80447,10728,37260,bright
v299,Secret Crayon Builders #299,entertainment,2024-06-08,1218016,267963520,57055,3061,18453,minimal
v300,Giant Ocean Sing-Along #300,education,2023-03-01,1074261,83792358,33742,2485,5396,colorful
v301,Wild Ocean Parade #301,entertainment,2023-11-01,923059,227072514,14268,4134,1702,bright
v302,Giant Dragon Adventures #302,entertainment,2024-05-14,735813,288438696,10467,2119,6926,cartoon
v303,Happy Castle Heroes #303,education,2024-11-01,2495680,641389760,40879,2347,40744,minimal
v304,Fluffy Ocean Party #304,entertainment,2024-10-22,643014,169112682,31795,346,10469,cartoon
v305,Rainbow Cloud Mystery #305,education,2023-02-26,767147,176443810,16979,404,7285,colorful
v306,Sweet Crayon Sing-Along #306,entertainment,2023-03-07,1884369,661413519,85340,1232,8884,colorful
v307,Super Cookie Party #307,animation,2023-04-18,899946,120592764,30043,4058,10280,colorful
v308,Brave Sunflower Adventures #308,entertainment,2023-11-10,1853528,552351344,48825,5193,35565,cartoon
v309,Secret Castle Champions #309,education,2023-04-11,559429,174541848,15729,1742,10434,colorful
v310,Fluffy Dragon Mystery #310,animation,2023-11-16,1658964,336769692,41612,1007,3065,cartoon
v311,Sparkly Forest Adventures #311,education,2024-02-03,1262487,103523934,60198,2247,10889,colorful
v312,Funny Garden World #312,entertainment,2023-02-03,458988,95469504,9828,1480,673,minimal
v313,Golden Cookie Sing-Along #313,entertainment,2024-12-15,1657773,167435073,74776,4968,17328,colorful
v314,Silly Pirate Dreams #314,entertainment,2024-11-29,2167043,184198655,64920,9627,36028,bright
v315,Sleepy Garden Builders #315,animation,2024-01-27,700522,140804922,34906,419,1642,minimal
v316,Magic Pirate Daycare #316,education,2023-11-29,1055478,230094204,46623,2635,15084,character_closeup
v317,Bouncy Unicorn Sing-Along #317,animation,2023-07-04,1882785,690982095,29844,7002,16060,bright
v318,Tiny Cloud Adventures #318,education,2024-08-16,2343477,213256407,82025,5595,38412,minimal
v319,Sweet Garden Daycare #319,education,2024-09-16,679179,203753700,15294,553,12117,colorful
v320,Silly Cloud Mystery #320,animation,2024-02-08,37534,10772258,1519,134,143,character_closeup
v321,Sparkly Castle World #321,entertainment,2024-04-20,1500230,603092460,19012,5449,2723,colorful
v322,Super Cloud Party #322,animation,2024-04-12,1300141,256127777,48041,1104,7950,minimal
v323,Happy Ocean Parade #323,education,2023-01-25,402435,150108255,11070,865,6512,colorful
v324,Silly Crayon Daycare #324,entertainment,2024-09-27,1036009,119141035,45126,661,15308,minimal
v325,Super Unicorn Parade #325,animation,2024-09-24,1495153,623478801,49533,6439,10267,colorful
v326,Sparkly Unicorn Parade #326,entertainment,2024-07-16,2352063,178756788,74113,5027,18373,bright
v327,Little Puppy Daycare #327,education,2023-05-13,2087560,530240240,30590,3674,16133,cartoon
v328,Giant Kitten Mystery #328,animation,2023-05-15,2274953,498214707,52268,8741,9829,minimal
v329,Mystery Pirate World #329,entertainment,2023-04-08,528344,48607648,17890,2433,1473,colorful
v330,Brave Cloud Champions #330,entertainment,2024-09-28,1445536,510274208,54736,3846,27717,minimal
v331,Little Forest Friends #331,animation,2024-04-14,1288838,188170348,45428,4488,19799,colorful
v332,Magic Robot Sing-Along #332,entertainment,2024-10-21,429053,69077533,5283,1041,1492,colorful
v333,Cool Puppy Sing-Along #333,entertainment,2024-02-17,80408,25971784,2175,333,1441,bright
v334,Brave Forest Daycare #334,education,2023-06-16,1792857,231278553,44879,4347,11066,character_closeup
v335,Happy Garden Dreams #335,education,2023-05-07,714992,217357568,27272,725,2353,colorful
v336,Fluffy Robot Chaos #336,animation,2023-10-08,801248,112975968,25473,2027,15112,cartoon
v337,Cool Moon Chaos #337,entertainment,2024-12-16,800566,258582818,29921,3908,1633,character_closeup
v338,Mystery Castle Parade #338,education,2023-07-27,2137741,848683177,95206,1809,30653,character_closeup
v339,Silly Pirate World #339,entertainment,2023-04-14,1218868,333969832,16789,1377,23953,minimal
v340,Little Moon Parade #340,entertainment,2023-02-25,1715092,336158032,56585,4316,2085,bright
v341,Super Princess Champions #341,education,2023-01-30,1179502,278362472,31736,3579,18164,minimal
v342,Bouncy Dinosaur World #342,entertainment,2023-10-24,916143,177731742,23282,2246,2651,minimal
v343,Cosmic Castle Parade #343,education,2023-01-04,572844,98529168,18481,2193,4783,cartoon
v344,Magic Dinosaur Sing-Along #344,entertainment,2024-02-20,1310220,247631580,34480,792,22434,character_closeup
v345,Golden Moon Heroes #345,entertainment,2024-12-18,1305133,255806068,58123,5532,17869,cartoon
v346,Bouncy Cloud Friends #346,animation,2023-01-21,1919684,662290980,51969,2341,22898,minimal
v347,Cool Garden Mystery #347,education,2023-04-20,842111,299791516,26994,1525,5977,cartoon
v348,Mystery Puppy Chaos #348,entertainment,2024-12-17,193854,57768492,5850,663,1233,cartoon
v349,Fluffy Forest Dreams #349,animation,2023-09-26,930805,325781750,21431,2583,15122,character_closeup
v350,Cosmic Robot Heroes #350,education,2023-02-09,1881568,500497088,86422,7463,19151,bright
v351,Golden Unicorn Sing-Along #351,education,2024-03-25,1625325,669633900,53830,2333,5464,cartoon
v352,Funny Cloud Sing-Along #352,education,2023-04-13,2278696,232426992,39638,9911,27927,minimal
v353,Golden Princess Party #353,animation,2024-06-08,2107466,271863114,32031,9221,37923,cartoon
v354,Sleepy Unicorn Champions #354,entertainment,2024-01-14,87118,28748940,3350,357,1304,character_closeup
v355,Golden Robot Mystery #355,animation,2023-11-04,1011664,192216160,39440,4592,3724,minimal
v356,Mystery Kitchen Sing-Along #356,animation,2023-07-16,1741130,222864640,26367,4526,18676,bright
v357,Secret Bunny Sing-Along #357,education,2023-01-18,750214,173299434,23992,485,14284,bright
v358,Wild Unicorn Friends #358,education,2024-06-29,283217,30587436,5614,1272,3794,colorful
v359,Happy Bunny Dreams #359,education,2023-10-30,2248304,164126192,101885,8059,28309,bright
v360,Little Robot Mystery #360,education,2024-07-04,175695,32503575,6848,497,1305,cartoon
v361,Sweet Crayon Party #361,education,2024-02-11,1235504,76601248,19042,3150,19707,character_closeup
v362,Sweet Kitten Heroes #362,entertainment,2024-11-07,891838,236337070,12143,3637,1536,bright
v363,Bouncy Kitchen Heroes #363,animation,2023-12-20,421124,29057556,5835,853,760,bright
v364,Funny Pirate Adventures #364,education,2024-01-03,570488,211080560,10943,2326,906,minimal
v365,Tiny Space Mystery #365,entertainment,2024-09-15,1422376,406799536,31876,5958,3604,minimal
v366,Sweet Robot Daycare #366,education,2023-11-04,1805307,216636840,21898,7437,7467,cartoon
v367,Fluffy Cookie Heroes #367,animation,2024-09-17,2308095,840146580,56316,10903,22926,colorful
v368,Secret Princess Daycare #368,education,2024-11-04,1920027,134401890,25520,8344,25957,colorful
v369,Sleepy Forest Party #369,education,2023-07-22,2424576,969830400,93768,9445,23120,cartoon
v370,Funny Moon Builders #370,education,2023-02-23,441026,69241082,4590,1067,3186,character_closeup
v371,Cool Bubble Daycare #371,education,2023-08-30,341200,63463200,13125,827,1549,cartoon
v372,Secret Forest Chaos #372,animation,2023-04-25,52747,11762581,2342,83,908,bright
v373,Secret Princess Chaos #373,animation,2023-08-24,2474590,423154890,39745,8276,45216,cartoon
v374,Secret Bunny Builders #374,entertainment,2024-06-10,1358537,475487950,61877,1142,6702,bright
v375,Funny Bubble Parade #375,education,2024-11-09,1354626,356266638,32993,6538,10576,cartoon
v376,Wild Forest Builders #376,animation,2024-04-09,2285862,420598608,103717,8265,24675,cartoon
v377,Cool Castle Chaos #377,animation,2024-02-07,1626863,680028734,73099,5249,1844,colorful
v378,Golden Pirate Dreams #378,education,2024-07-28,195929,72885588,6676,532,1100,character_closeup
v379,Mystery Dragon Friends #379,education,2024-07-19,23239,8551952,1076,111,104,minimal
v380,Giant Cookie Friends #380,education,2024-10-07,2054565,647187975,84283,1106,9966,cartoon
v381,Sleepy Unicorn World #381,entertainment,2024-09-03,382342,52380854,13556,852,1290,cartoon
v382,Bouncy Garden Dreams #382,animation,2024-03-16,387492,64323672,9808,1766,6117,minimal
v383,Little Forest Daycare #383,entertainment,2024-06-10,2249587,789605037,107899,10481,13652,minimal
v384,Cosmic Robot Friends #384,entertainment,2024-12-23,1240271,461380812,33622,4527,9676,bright
v385,Secret Kitten Mystery #385,education,2024-02-10,150398,32485968,1723,532,2274,cartoon
v386,Brave Cookie Champions #386,animation,2024-05-12,701570,196439600,20480,1890,12286,character_closeup
v387,Mystery Unicorn Adventures #387,animation,2023-05-31,2279001,369198162,51554,4346,5638,minimal
v388,Cool Garden Friends #388,education,2024-03-07,1452858,151097232,19385,2383,10911,colorful
v389,Sweet Kitchen Builders #389,animation,2023-03-21,1317181,115911928,37970,3760,16933,bright
v390,Sparkly Garden Heroes #390,education,2024-11-03,2230961,834379414,65714,9153,7391,bright
v391,Happy Bunny World #391,entertainment,2024-02-05,2069441,504943604,73745,5428,9605,character_closeup
v392,Golden Cookie Champions #392,education,2024-06-25,677175,145592625,22321,834,13374,bright
v393,Magic Space Adventures #393,animation,2024-06-17,231928,23192800,2758,458,3541,cartoon
v394,Funny Sunflower Friends #394,entertainment,2024-06-30,485825,193844175,15704,2250,539,character_closeup
v395,Funny Bunny Adventures #395,entertainment,2023-09-24,1706148,266159088,74321,7037,30153,minimal
v396,Cool Pirate Daycare #396,education,2024-08-30,22052,8953112,312,96,235,minimal
v397,Brave Castle Friends #397,entertainment,2023-01-13,2331950,853493700,113690,10725,34008,cartoon
v398,Sleepy Bubble Champions #398,entertainment,2023-05-07,1193746,121762092,35656,1819,6053,colorful
v399,Giant Cookie World #399,animation,2024-06-11,490090,54399990,20246,1440,4992,cartoon
v400,Happy Dinosaur Dreams #400,entertainment,2023-03-07,44704,13455904,2169,132,607,cartoon
v401,Secret Castle Dreams #401,education,2023-04-03,486984,123693936,8173,1817,1220,bright
v402,Happy Cloud Chaos #402,entertainment,2023-06-20,388070,145526250,7436,1072,5163,minimal
v403,Silly Forest Friends #403,animation,2023-09-13,783973,76829354,20881,1958,8394,cartoon
v404,Tiny Moon Heroes #404,animation,2023-05-17,1113509,269469178,53425,4831,4460,minimal
v405,Fluffy Kitten Heroes #405,entertainment,2024-12-12,1008854,338974944,24176,3883,15343,cartoon
v406,Cool Bubble Party #406,entertainment,2024-06-02,1552179,381836034,49363,920,8080,minimal
v407,Fluffy Bubble Builders #407,entertainment,2023-07-18,2493155,486165225,102309,3641,40490,cartoon
v408,Giant Cookie Chaos #408,education,2024-12-11,321332,121142164,10949,729,4696,minimal
v409,Cool Forest Champions #409,entertainment,2024-05-14,527445,196209540,16635,1065,5593,bright
v410,Fluffy Forest Adventures #410,entertainment,2023-12-22,260048,105059392,12579,967,3183,bright
v411,Wild Bubble Heroes #411,entertainment,2023-05-15,52751,19465119,1647,213,1004,minimal
v412,Rainbow Robot Heroes #412,animation,2024-01-22,2140925,344688925,66297,5100,27853,character_closeup
v413,Cosmic Princess Party #413,education,2023-04-13,2383173,564812001,24074,10332,31250,cartoon
v414,Silly Garden World #414,education,2023-04-26,2300009,561202196,79372,2214,34955,minimal
v415,Tiny Kitchen Champions #415,animation,2023-11-02,565900,34519900,17093,1064,4537,character_closeup
v416,Funny Pirate Dreams #416,animation,2023-01-24,1270206,241339140,49746,3911,10780,character_closeup
v417,Giant Ocean Daycare #417,entertainment,2023-08-22,1564913,244126428,30463,7127,14807,cartoon
v418,Mystery Crayon Party #418,education,2023-11-06,1173972,298188888,57297,3918,17115,colorful
v419,Little Unicorn Daycare #419,animation,2023-03-14,632014,203508508,27925,1303,8341,colorful
v420,Silly Robot Friends #420,education,2023-08-29,1547353,410048545,20934,3105,6954,character_closeup
v421,Tiny Forest Dreams #421,entertainment,2023-07-02,1009876,387792384,20735,1973,1604,bright
v422,Wild Space Adventures #422,animation,2024-03-11,807043,288114351,16669,2098,15821,character_closeup
v423,Sparkly Dragon Adventures #423,animation,2024-02-05,212044,64885464,5050,172,1319,minimal
v424,Rainbow Pirate Sing-Along #424,animation,2024-04-26,23635,5105160,433,34,128,character_closeup
v425,Sparkly Unicorn Parade #425,animation,2024-09-08,653777,155598926,18198,2491,5977,minimal
v426,Cosmic Unicorn Champions #426,entertainment,2023-02-03,1915431,402240510,94942,5311,14990,minimal
v427,Cosmic Bunny World #427,animation,2023-01-14,626745,135376920,17433,2273,5681,character_closeup
v428,Happy Bubble Chaos #428,education,2024-07-01,265037,99388875,12482,403,2461,minimal
v429,Sweet Castle Heroes #429,entertainment,2024-07-14,1957002,189829194,56158,4348,25268,minimal
v430,Cosmic Crayon Chaos #430,education,2023-05-13,384748,24623872,9556,1131,3565,character_closeup
v431,Fluffy Princess Champions #431,animation,2023-10-04,2434751,146085060,99883,11687,30622,bright
v432,Sweet Cloud Daycare #432,animation,2023-01-12,819103,283409638,39218,993,8981,colorful
v433,Silly Puppy Champions #433,education,2023-01-28,1254609,362582001,18286,3550,2963,colorful
v434,Sparkly Cloud World #434,entertainment,2024-11-19,654658,39934138,17214,2849,2222,minimal
v435,Bouncy Crayon Party #435,animation,2024-07-11,2154171,596705367,49945,2997,23998,character_closeup
v436,Giant Moon Party #436,education,2023-08-25,2271387,890383704,92843,7589,18761,colorful
v437,Super Cookie Chaos #437,entertainment,2024-10-10,526570,198516890,16046,602,3755,colorful
v438,Cool Cookie Champions #438,education,2023-12-26,851295,343071885,29320,956,1966,colorful
v439,Super Moon Adventures #439,entertainment,2024-01-10,1031410,334176840,15162,835,16211,colorful
v440,Funny Pirate Builders #440,education,2023-03-05,2268857,206465987,48434,8600,12692,character_closeup
v441,Bouncy Kitchen Adventures #441,education,2023-11-17,1074899,364390761,40149,3269,20246,cartoon
v442,Cosmic Pirate Heroes #442,education,2024-01-25,1133970,271018830,12751,3813,8303,colorful
v443,Sparkly Sunflower Chaos #443,animation,2023-10-09,1683348,186851628,55497,5552,20433,cartoon
v444,Golden Pirate Dreams #444,entertainment,2023-05-22,774244,265565692,32144,562,5323,bright
v445,Silly Forest Mystery #445,education,2024-07-30,1777979,471164435,44464,5352,9500,colorful
v446,Sweet Forest Adventures #446,entertainment,2024-07-20,1749008,470483152,84867,4846,28415,minimal
v447,Golden Forest Champions #447,entertainment,2024-07-30,2030330,276124880,25301,7205,37527,bright
v448,Cosmic Bunny Heroes #448,animation,2024-12-18,1387796,391358472,61001,5420,10391,colorful
v449,Wild Dragon Daycare #449,education,2024-05-31,947506,263406668,45862,1449,8460,character_closeup
v450,Wild Dinosaur Mystery #450,animation,2024-11-08,689905,204211880,11275,2651,2944,colorful
v451,Wild Dinosaur Daycare #451,education,2024-04-07,2465818,660839224,122822,9260,5682,character_closeup
v452,Wild Kitchen Mystery #452,entertainment,2024-10-29,1875496,296328368,31297,4514,37283,colorful
v453,Sleepy Unicorn World #453,entertainment,2023-01-25,1293013,305151068,57478,3842,20827,character_closeup
v454,Secret Dragon Party #454,animation,2024-03-12,207940,62797880,4902,396,3691,colorful
v455,Secret Princess Builders #455,education,2023-09-23,1814626,274008526,71443,8838,19220,bright
v456,Silly Unicorn Friends #456,entertainment,2023-12-22,2271716,656525924,59143,6741,17404,colorful
v457,Golden Kitchen Daycare #457,animation,2024-12-16,2036378,488730720,91219,3527,32416,minimal
v458,Giant Ocean Sing-Along #458,animation,2024-06-10,1866204,244472724,61727,3273,18587,colorful
v459,Sweet Crayon Daycare #459,education,2024-08-30,364674,71840778,10445,1224,1652,bright
v460,Magic Garden Adventures #460,education,2023-11-16,850779,241621236,14624,3583,10185,character_closeup
v461,Happy Cookie Friends #461,education,2024-02-05,1127156,152166060,52192,2891,2480,cartoon
v462,Sleepy Kitten Mystery #462,animation,2023-02-28,2096899,530515447,76326,2049,13043,cartoon
v463,Golden Cloud Sing-Along #463,animation,2023-08-19,131847,20699979,4075,142,2183,cartoon
v464,Super Dragon Friends #464,education,2024-02-10,2402601,855325956,95349,10594,27588,bright
v465,Giant Castle Chaos #465,education,2023-06-18,396141,88735584,13145,1821,5344,minimal
v466,Rainbow Kitten Sing-Along #466,animation,2023-08-24,2038513,360816801,94875,1648,14395,character_closeup
v467,Magic Bubble Parade #467,animation,2024-07-21,71934,7409202,853,139,532,colorful
v468,Funny Bubble Sing-Along #468,entertainment,2023-02-24,682561,120130736,15879,3210,4832,colorful
v469,Tiny Pirate Sing-Along #469,education,2024-11-23,2057523,693385251,39087,8756,21126,bright
v470,Cool Puppy Friends #470,entertainment,2024-08-30,1044827,135827510,21692,3768,4666,minimal
v471,Mystery Space World #471,entertainment,2023-06-13,1473780,372866340,63732,5304,11279,colorful
v472,Sparkly Princess World #472,animation,2024-03-14,842047,278717557,27809,3154,5710,character_closeup
v473,Super Ocean Chaos #473,entertainment,2023-02-24,142268,16503088,2506,443,581,colorful
v474,Brave Sunflower Champions #474,education,2023-08-02,1736344,237879128,83696,8100,26178,bright
v475,Little Dinosaur World #475,entertainment,2024-02-21,575630,55836110,25964,2532,8405,character_closeup
v476,Tiny Kitten Chaos #476,animation,2024-09-26,364531,105349459,18185,452,3853,minimal
v477,Wild Kitchen Dreams #477,entertainment,2024-05-04,865056,69204480,16190,3344,10651,colorful
v478,Brave Kitten Daycare #478,animation,2023-12-16,2389564,183996428,116122,2056,42015,colorful
v479,Mystery Pirate Dreams #479,entertainment,2023-03-19,506927,196180749,9361,272,3305,cartoon
v480,Happy Dinosaur World #480,education,2024-04-10,1129288,390733648,36158,1905,22259,minimal
v481,Secret Pirate Daycare #481,animation,2023-05-22,518495,77774250,15630,2370,7010,cartoon
v482,Little Robot Parade #482,animation,2024-03-04,450126,54465246,16355,1207,2826,bright
v483,Giant Ocean Parade #483,entertainment,2023-02-17,1888072,381390544,85070,1972,7590,bright
v484,Cosmic Cloud Sing-Along #484,animation,2024-09-22,750493,282935861,9548,3224,1595,colorful
v485,Funny Ocean Parade #485,education,2023-08-23,1534547,357549451,65780,1341,25597,cartoon
v486,Silly Cloud Heroes #486,animation,2024-12-17,1199097,309367026,34122,2761,8459,cartoon
v487,Super Unicorn Parade #487,entertainment,2023-09-20,884737,317620583,12762,1474,17212,cartoon
v488,Funny Dinosaur World #488,education,2024-12-17,1425580,409141460,65411,1396,4990,colorful
v489,Golden Puppy Sing-Along #489,education,2024-12-02,312864,37230816,3773,673,5473,minimal
v490,Brave Cloud Chaos #490,entertainment,2024-11-09,733014,76233456,30032,3539,10809,bright
v491,Fluffy Sunflower Friends #491,education,2024-01-14,1197217,213104626,30314,2895,12002,minimal
v492,Rainbow Cookie Mystery #492,entertainment,2024-08-06,1698005,541663595,64139,7100,5152,minimal
v493,Cosmic Moon World #493,entertainment,2024-05-16,429138,130887090,17151,705,5819,minimal
v494,Tiny Space Parade #494,education,2024-03-12,740740,107407300,29370,878,3709,cartoon
v495,Bouncy Forest Friends #495,animation,2024-08-27,1648639,659455600,18958,6193,7669,cartoon
v496,Little Bunny Chaos #496,education,2023-08-09,1511401,216130343,56061,4791,17629,colorful
v497,Cosmic Robot Friends #497,animation,2024-05-03,342771,108658407,7971,353,1235,bright
v498,Cosmic Moon Heroes #498,education,2023-04-12,1693061,540086459,37242,4582,23338,character_closeup
v499,Tiny Castle Parade #499,education,2023-03-27,437273,106694612,20450,1562,2551,bright
v500,Cool Dragon Champions #500,animation,2023-03-31,1051211,441508620,18805,4480,17681,colorful
v501,Cosmic Castle Mystery #501,entertainment,2023-02-15,466362,93272400,23258,525,6975,cartoon
v502,Cosmic Cloud Party #502,entertainment,2023-09-22,2472685,623116620,81069,2694,6751,minimal
v503,Mystery Dragon Friends #503,entertainment,2023-05-16,1665405,569568510,37928,1968,24144,character_closeup
v504,Sweet Bunny World #504,animation,2024-07-06,1275525,317605725,21806,2612,21434,minimal
v505,Wild Dragon Daycare #505,animation,2023-01-20,1055068,385099820,25789,2414,14767,bright
v506,Bouncy Forest Heroes #506,education,2024-05-26,1181264,86232272,50130,2830,13384,character_closeup
v507,Cool Cloud Parade #507,education,2023-09-18,1234780,413651300,29828,816,3041,cartoon
v508,Fluffy Bunny Chaos #508,animation,2024-09-11,477825,93175875,7226,1465,8517,bright
v509,Sleepy Bubble Friends #509,education,2024-01-14,1288943,420195418,14967,4298,3365,character_closeup
v510,Cosmic Dinosaur Dreams #510,education,2023-08-08,1370937,548374800,21078,4976,9268,character_closeup
v511,Funny Forest Sing-Along #511,education,2023-02-06,2328534,526248684,67784,3667,11251,bright
v512,Sleepy Garden Champions #512,animation,2024-09-25,2048116,149512468,65237,6325,28016,colorful
v513,Funny Crayon Dreams #513,education,2024-07-24,773830,261554540,31472,2932,1306,bright
v514,Golden Robot Parade #514,education,2024-01-21,1392319,332764241,24309,4296,26263,character_closeup
v515,Little Sunflower Champions #515,education,2024-08-03,763752,309319560,16353,2441,2338,cartoon
v516,Wild Forest Heroes #516,entertainment,2023-07-19,2337620,226749140,46305,11594,2852,bright
v517,Sleepy Unicorn Chaos #517,entertainment,2023-09-26,1644312,631415808,68017,3418,16439,bright
v518,Sleepy Dragon Sing-Along #518,animation,2023-01-18,1215463,357346122,48724,5081,9662,bright
v519,Happy Dinosaur Daycare #519,entertainment,2023-01-17,322954,109481406,15151,905,5434,cartoon
v520,Little Princess Chaos #520,entertainment,2024-09-07,2198942,521149254,107711,5850,6380,bright
v521,Mystery Dinosaur World #521,entertainment,2024-10-08,640729,228740253,19036,1276,8573,bright
v522,Fluffy Puppy Chaos #522,entertainment,2024-09-26,2286810,745500060,25177,2865,28039,minimal
v523,Golden Sunflower Heroes #523,animation,2024-11-19,2471170,620263670,47079,9004,7268,cartoon
v524,Rainbow Sunflower Daycare #524,entertainment,2023-11-16,1891478,236434750,83741,7243,16570,character_closeup
v525,Wild Bunny Heroes #525,education,2023-05-04,636521,132396368,13821,2065,8758,bright
v526,Brave Kitten Adventures #526,education,2024-03-07,2260914,260005110,34508,9319,27947,character_closeup
v527,Sweet Dragon Parade #527,education,2023-02-24,761764,173682192,21353,623,2557,bright
v528,Brave Garden Champions #528,entertainment,2024-02-25,1859651,269649395,86826,8976,29349,character_closeup
v529,Magic Bunny Daycare #529,animation,2023-01-11,1473641,512827068,14934,7140,12267,bright
v530,Giant Bunny Builders #530,animation,2024-09-23,402138,90883188,16028,1434,4443,colorful
v531,Giant Dinosaur Mystery #531,animation,2024-04-22,1673033,179014531,60490,7279,19674,colorful
v532,Fluffy Forest Daycare #532,education,2023-12-09,1719212,457310392,44262,2501,22771,colorful
v533,Secret Moon Parade #533,entertainment,2024-12-05,1843089,235915392,91397,4838,10106,bright
v534,Secret Forest Parade #534,animation,2024-05-05,2460635,853840345,70211,6278,4935,minimal
v535,Tiny Kitten World #535,entertainment,2024-07-23,1324528,388086704,33682,3286,17840,bright
v536,Super Bunny Builders #536,animation,2023-06-16,1127792,73306480,34395,1853,1255,cartoon
v537,Golden Space Adventures #537,education,2024-07-20,2108880,369054000,35405,4182,41140,minimal
v538,Sleepy Cookie Champions #538,animation,2024-02-16,449191,119933997,16857,1307,1657,colorful
v539,Magic Ocean Sing-Along #539,education,2023-08-12,2053312,747405568,25750,1921,27054,cartoon
v540,Mystery Space Dreams #540,animation,2024-03-23,19174,7228598,779,59,268,character_closeup
v541,Tiny Bunny Daycare #541,entertainment,2023-07-04,1207021,494878610,28871,2746,23970,cartoon
v542,Sleepy Bunny Daycare #542,entertainment,2023-08-17,1614816,101733408,63839,1114,7206,bright
v543,Sleepy Dragon Mystery #543,education,2024-10-18,2162250,908145000,78801,5087,21808,colorful
v544,Brave Moon Parade #544,animation,2023-09-15,193424,30367568,6355,917,1346,minimal
v545,Cosmic Space Heroes #545,entertainment,2023-05-16,1309364,244851068,37548,4981,24111,cartoon
v546,Rainbow Ocean Party #546,education,2023-10-02,1413864,492024672,29427,1768,9868,cartoon
v547,Funny Kitchen Friends #547,education,2024-05-10,1941571,394138913,43303,2126,30031,cartoon
v548,Magic Princess Adventures #548,education,2023-11-05,1961362,358929246,89363,8979,2788,minimal
v549,Tiny Cookie Chaos #549,animation,2024-05-17,786573,227319597,23999,3477,4142,bright
v550,Funny Bubble Adventures #550,animation,2023-07-16,2461245,492249000,55554,5095,28912,character_closeup
v551,Mystery Bubble Chaos #551,entertainment,2024-01-08,1525838,605757686,75260,1551,6704,bright
v552,Tiny Space World #552,animation,2023-06-20,699822,215545176,23005,982,2353,bright
v553,Mystery Dinosaur Dreams #553,education,2024-08-30,2231364,937172880,73212,2911,11204,cartoon
v554,Silly Kitchen Friends #554,education,2024-07-24,1746852,683019132,69158,1016,14199,minimal
v555,Rainbow Cloud Party #555,animation,2023-02-18,1087361,231607893,49718,4875,15035,minimal
v556,Sparkly Sunflower Sing-Along #556,entertainment,2024-05-01,1604058,351288702,54192,4203,13184,cartoon
v557,Tiny Princess Sing-Along #557,animation,2023-03-01,712541,298554679,15768,3465,7644,character_closeup
v558,Silly Sunflower Party #558,entertainment,2023-07-17,1765566,146541978,57736,7006,17445,character_closeup
v559,Sweet Crayon Mystery #559,animation,2023-01-08,594363,72512286,13151,565,3058,colorful
v560,Cool Dragon Friends #560,animation,2024-10-22,1618718,325362318,28044,2288,20179,colorful
v561,Wild Pirate Sing-Along #561,education,2023-06-23,500233,92543105,7438,1007,3198,colorful
v562,Sweet Castle Champions #562,animation,2023-07-10,1459073,415835805,25671,1433,22536,colorful
v563,Super Robot Builders #563,entertainment,2024-04-08,594645,208125750,10883,2924,10899,cartoon
v564,Sweet Kitten Sing-Along #564,animation,2023-10-27,819817,316449362,31034,2222,15652,minimal
v565,Sweet Bunny Builders #565,education,2023-03-27,300946,117970832,12326,178,1997,bright
v566,Little Bunny Chaos #566,education,2023-03-23,921995,235108725,41357,4349,6036,character_closeup
v567,Brave Ocean Party #567,education,2024-05-10,1329790,320479390,39788,4974,18329,bright
v568,Rainbow Kitchen Parade #568,entertainment,2024-04-17,1098979,169242766,38907,2026,6792,cartoon
v569,Secret Kitten Parade #569,education,2023-05-24,277590,50798970,8562,517,1917,character_closeup
v570,Rainbow Crayon Heroes #570,entertainment,2023-11-10,1393774,560297148,58027,3862,7227,cartoon
v571,Rainbow Space Parade #571,education,2024-10-04,2128708,504503796,80121,1593,18192,minimal
v572,Magic Unicorn Mystery #572,entertainment,2023-12-16,1925534,631575152,22242,5807,3552,cartoon
v573,Cool Kitchen Adventures #573,animation,2024-02-19,1732181,368954553,74834,2304,6817,colorful
v574,Bouncy Puppy Chaos #574,animation,2023-11-10,666969,186751320,10516,2264,3343,cartoon
v575,Super Forest Party #575,entertainment,2023-07-14,1675749,191035386,18027,7694,16558,bright
v576,Happy Garden Adventures #576,education,2024-03-30,231442,67812506,7717,727,3328,minimal
v577,Cosmic Cloud Friends #577,education,2023-10-09,985825,174491025,29307,1693,9245,bright
v578,Golden Space Party #578,animation,2024-05-18,2167788,472577784,33519,3026,36562,character_closeup
v579,Golden Cookie Party #579,education,2023-01-03,2042660,339081560,52761,10131,7342,character_closeup
v580,Rainbow Kitten Daycare #580,education,2024-07-04,787870,137877250,15606,1011,10343,cartoon
v581,Fluffy Garden Friends #581,animation,2023-04-26,666110,76602650,19492,455,3764,character_closeup
v582,Little Sunflower Dreams #582,entertainment,2024-12-28,807434,159064498,27288,1981,1702,minimal
v583,Cool Castle Heroes #583,education,2024-02-12,2209629,572293911,106662,2253,38599,character_closeup
v584,Brave Unicorn Dreams #584,education,2023-11-06,1503282,129282252,16442,945,8808,cartoon
v585,Super Princess Adventures #585,education,2024-12-11,1144771,461342713,31568,1959,5027,character_closeup
v586,Happy Unicorn Sing-Along #586,education,2023-07-27,1951043,314117923,56722,1188,12023,cartoon
v587,Mystery Crayon Parade #587,entertainment,2023-06-18,1426734,573547068,35482,4116,7764,cartoon
v588,Little Bubble Friends #588,education,2023-02-09,1076205,398195850,13386,1023,19158,bright
v589,Secret Dragon Champions #589,entertainment,2023-05-18,267105,93753855,6483,1255,1402,character_closeup
v590,Super Cloud Parade #590,entertainment,2023-02-24,1871560,333137680,63475,6676,11384,cartoon
v591,Sparkly Sunflower Sing-Along #591,animation,2023-12-18,2281070,250917700,75937,11272,22949,character_closeup
v592,Funny Princess Champions #592,animation,2023-05-09,1689714,238249674,29860,1834,11275,character_closeup
v593,Rainbow Sunflower Adventures #593,entertainment,2024-11-28,1500342,421596102,40779,6772,22746,minimal
v594,Rainbow Pirate Sing-Along #594,entertainment,2023-12-14,463098,84746934,4942,1554,7809,minimal
v595,Funny Garden Chaos #595,education,2024-08-08,950565,378324870,26294,3100,18351,character_closeup
v596,Super Kitchen Daycare #596,animation,2024-03-28,271876,106303516,2969,319,5242,bright
v597,Happy Sunflower Sing-Along #597,education,2023-11-21,1070618,448588942,21529,4894,13207,character_closeup
v598,Wild Robot Heroes #598,animation,2023-10-25,2035245,427401450,48558,6975,5410,colorful
v599,Fluffy Kitten Parade #599,animation,2024-08-30,2484862,149091720,91797,3954,21509,colorful
v600,Wild Cloud Sing-Along #600,education,2023-05-24,1617181,538521273,16883,1745,17345,character_closeup
v601,Fluffy Moon Friends #601,animation,2023-05-15,182190,33340770,5350,596,2969,minimal
v602,Sweet Sunflower Dreams #602,animation,2024-08-23,2077123,483969659,34554,8201,36260,minimal
v603,Cool Castle Heroes #603,entertainment,2023-03-18,1582184,561675320,40631,5909,27154,minimal
v604,Giant Space Builders #604,education,2023-05-15,1892039,584640051,30630,4533,31760,bright
v605,Wild Princess Heroes #605,entertainment,2024-01-23,233861,29700347,6747,521,715,cartoon
v606,Rainbow Unicorn Sing-Along #606,animation,2023-03-30,2013009,613967745,27024,1933,32001,colorful
v607,Mystery Bubble Dreams #607,education,2023-11-03,316829,120395020,12032,441,5133,minimal
v608,Tiny Puppy Adventures #608,education,2024-12-17,2294268,713517348,106340,11221,12878,colorful
v609,Brave Pirate Party #609,entertainment,2024-07-27,540300,162630300,24386,285,3149,cartoon
v610,Sweet Crayon Daycare #610,entertainment,2023-02-09,1017473,181110194,35449,2267,7965,cartoon
v611,Brave Cookie Dreams #611,education,2024-02-07,170731,36877896,5895,832,3147,minimal
v612,Cool Kitchen World #612,entertainment,2023-04-20,2283595,484122140,95027,1804,30384,colorful
v613,Cosmic Dinosaur Party #613,entertainment,2023-11-09,1779827,368424189,45858,3000,3546,colorful
v614,Super Ocean World #614,animation,2023-07-05,2272110,704354100,41281,7192,36638,colorful
v615,Secret Bunny Builders #615,animation,2024-12-14,2357217,586947033,46698,1427,28648,character_closeup
v616,Wild Cloud Friends #616,education,2023-07-26,1343617,271410634,22835,4453,19663,bright
v617,Secret Princess Builders #617,education,2023-07-29,567695,83451165,9397,1071,1502,character_closeup
v618,Tiny Robot Sing-Along #618,animation,2023-02-21,1985800,230352800,71709,2822,13239,cartoon
v619,Cosmic Forest Daycare #619,animation,2023-11-22,2197932,200011812,102181,8098,19980,colorful
v620,Happy Ocean World #620,entertainment,2024-10-04,2469581,587760278,110760,8767,22822,colorful
v621,Happy Cookie Daycare #621,animation,2023-10-26,2135248,779365520,74940,9503,14608,colorful
v622,Cool Unicorn Daycare #622,animation,2024-12-28,2456684,852469348,34351,8567,10906,minimal
v623,Mystery Cloud Dreams #623,animation,2023-11-20,1424210,529806120,61700,4894,16564,minimal
v624,Cool Bunny Party #624,entertainment,2023-05-10,1597070,498285840,73075,1964,2754,minimal
v625,Sleepy Castle Parade #625,education,2024-05-23,1540630,211066310,44915,7480,19733,cartoon
v626,Sweet Cloud Heroes #626,animation,2023-09-07,908384,88113248,39977,3046,5645,minimal
v627,Funny Cookie Builders #627,entertainment,2024-06-18,2126832,518947008,105077,10213,5537,cartoon
v628,Fluffy Pirate Dreams #628,animation,2023-10-27,2481408,863529984,120174,9671,41013,minimal
v629,Fluffy Ocean World #629,entertainment,2023-11-27,919288,128700320,13948,2267,6392,minimal
v630,Secret Kitten Parade #630,animation,2024-01-21,142027,31814048,2406,153,1697,colorful
v631,Mystery Ocean Mystery #631,animation,2023-02-17,378583,82909677,5225,412,6631,cartoon
v632,Magic Pirate Heroes #632,education,2024-06-27,639396,221870412,30277,901,9681,colorful
v633,Bouncy Princess Mystery #633,entertainment,2024-01-12,555918,125637468,26821,1988,6843,cartoon
v634,Golden Kitchen Daycare #634,entertainment,2023-05-10,825530,274901490,38788,2397,9061,colorful
v635,Magic Pirate Builders #635,education,2023-02-12,1090821,410148696,41013,4281,8168,colorful
v636,Sweet Sunflower Party #636,education,2024-03-22,920912,267064480,36524,3371,15501,minimal
v637,Mystery Moon Friends #637,animation,2023-01-26,812019,66585558,25968,4026,3375,minimal
v638,Wild Cookie Friends #638,education,2023-11-11,2352802,736427026,112719,1854,27974,colorful
v639,Funny Sunflower Friends #639,entertainment,2023-12-18,1745163,216400212,34233,3873,20503,colorful
v640,Tiny Bubble Dreams #640,animation,2024-04-27,562790,50651100,20580,2399,660,colorful
v641,Giant Kitten Parade #641,education,2024-10-29,1545213,525372420,69750,5980,1828,minimal
v642,Bouncy Crayon Chaos #642,education,2023-11-05,1925170,614129230,47495,3312,34896,minimal
v643,Secret Forest Champions #643,animation,2024-04-26,2362171,543299330,35299,4367,6562,colorful
v644,Cool Robot Sing-Along #644,animation,2023-05-19,997018,296114346,36128,1708,13592,bright
v645,Tiny Robot Parade #645,entertainment,2023-12-29,1163572,111702912,53654,4703,16147,cartoon
v646,Fluffy Robot World #646,animation,2024-02-11,321089,108528082,8287,1280,2033,character_closeup
v647,Cool Bunny Dreams #647,animation,2024-10-29,1712940,524159640,72295,7598,14644,cartoon
v648,Little Crayon Party #648,animation,2023-08-24,972459,227555406,22337,4333,16799,minimal
v649,Wild Kitten Adventures #649,education,2024-01-01,20462,3683160,940,79,379,character_closeup
v650,Sleepy Ocean Parade #650,education,2024-09-07,1751648,126118656,45130,3840,16081,character_closeup
v651,Brave Crayon Mystery #651,education,2024-08-30,1269141,171334035,45967,2849,24210,bright
v652,Wild Bunny Daycare #652,education,2023-10-08,732370,71039890,15656,1402,3925,bright
v653,Golden Ocean World #653,animation,2024-06-17,1863770,341069910,24562,7875,24168,colorful
v654,Funny Kitten Party #654,animation,2024-05-27,560789,131785415,14545,477,2490,bright
v655,Secret Dinosaur Parade #655,animation,2023-07-09,121463,50164219,1482,316,2227,character_closeup
v656,Little Pirate Heroes #656,animation,2024-10-19,1032144,79475088,22574,3644,18165,bright
v657,Brave Unicorn Champions #657,animation,2023-05-15,1743241,266715873,55719,6284,21354,character_closeup
v658,Little Space Sing-Along #658,education,2023-01-23,1797897,724552491,55419,4251,23344,minimal
v659,Funny Princess Daycare #659,entertainment,2024-03-29,54918,17024580,681,161,973,colorful
v660,Wild Castle Sing-Along #660,animation,2023-10-28,1348557,277802742,65402,6202,12008,bright
v661,Happy Cloud Parade #661,animation,2023-04-30,1207121,206417691,56893,4564,7220,colorful
v662,Rainbow Cloud Chaos #662,entertainment,2023-10-26,937284,256815816,41210,4603,9377,minimal
v663,Fluffy Garden Friends #663,education,2023-06-05,454035,189786630,10824,1117,5702,colorful
v664,Sweet Garden Heroes #664,education,2023-09-15,1896799,199163895,74502,3495,13328,colorful
v665,Little Forest Parade #665,entertainment,2023-01-19,2157435,396968040,47465,1529,26220,cartoon
v666,Mystery Castle Champions #666,entertainment,2024-03-17,118516,13155276,5291,229,1098,colorful
v667,Brave Puppy Champions #667,entertainment,2023-01-26,959214,340520970,32148,4102,18730,colorful
v668,Sleepy Crayon Dreams #668,education,2023-06-06,2148918,532931664,90937,5991,27158,bright
v669,Magic Forest Sing-Along #669,animation,2024-05-08,1790915,254309930,54830,3183,10018,minimal
v670,Super Forest Builders #670,education,2023-12-30,673227,58570749,25332,2046,11558,minimal
v671,Cool Castle Builders #671,education,2024-05-23,346701,125159061,15549,403,3943,minimal
v672,Fluffy Dragon Parade #672,animation,2024-03-11,2093232,318171264,68974,2134,23916,character_closeup
v673,Secret Dragon Chaos #673,education,2024-06-02,1443978,531383904,48594,6530,14080,bright
v674,Fluffy Cloud Adventures #674,animation,2024-07-11,776923,262599974,8769,3878,4981,bright
v675,Magic Crayon World #675,animation,2023-10-11,2153466,447920928,78834,4804,18777,minimal
v676,Sparkly Sunflower Mystery #676,education,2024-03-19,1731399,469209129,55737,4189,23253,cartoon
v677,Funny Castle Party #677,animation,2024-04-05,934239,335391801,10400,3430,15997,character_closeup
v678,Magic Princess Daycare #678,animation,2024-08-11,241664,85790720,8110,801,1312,bright
v679,Happy Ocean Mystery #679,education,2023-06-15,1081258,381684074,11911,2127,16960,minimal
v680,Golden Crayon Party #680,animation,2024-05-19,1541489,602722199,70309,1363,25794,colorful
v681,Cool Sunflower Champions #681,education,2024-12-25,1221360,158776800,32173,1389,7453,bright
v682,Magic Kitten Heroes #682,education,2024-08-27,1246012,261662520,26961,4869,2088,colorful
v683,Wild Cloud Builders #683,education,2024-04-22,552914,36492324,8672,1852,1886,character_closeup
v684,Rainbow Robot Sing-Along #684,entertainment,2023-03-11,1773114,675556434,42469,4021,10757,bright
v685,Mystery Castle Sing-Along #685,entertainment,2024-06-04,1452166,349972006,32410,1093,25029,cartoon
v686,Cool Sunflower Parade #686,entertainment,2023-09-12,566744,147920184,19662,977,2591,colorful
v687,Cosmic Crayon Champions #687,education,2024-04-16,1089648,382466448,11366,2536,10069,bright
v688,Super Forest Adventures #688,education,2024-05-15,1237223,251156269,18122,3521,11120,bright
v689,Little Cookie Dreams #689,entertainment,2023-08-11,525293,205914856,11664,2110,6225,character_closeup
v690,Funny Ocean Chaos #690,entertainment,2024-08-06,2228611,871386901,29374,10005,24145,character_closeup
v691,Funny Sunflower Dreams #691,entertainment,2023-04-05,2014494,648667068,80353,1140,11862,cartoon
v692,Magic Bunny Mystery #692,entertainment,2024-04-07,1480067,133206030,57623,4849,13901,colorful
v693,Cosmic Castle Friends #693,education,2024-02-16,842323,141510264,22648,2473,13069,minimal
v694,Happy Kitchen World #694,animation,2024-08-31,2490650,378578800,104643,6941,8034,character_closeup
v695,Silly Cloud Chaos #695,education,2023-04-28,1637815,140852090,64672,4698,4608,colorful
v696,Little Puppy Daycare #696,education,2023-05-11,616303,86282420,27566,1602,674,minimal
v697,Little Moon Dreams #697,animation,2024-07-14,988542,165086514,37202,4201,7088,colorful
v698,Sleepy Robot Chaos #698,animation,2024-03-15,496033,152282131,13809,2024,2352,minimal
v699,Giant Crayon Daycare #699,education,2024-03-09,766297,219927239,16157,3126,7303,minimal
v700,Cosmic Garden World #700,entertainment,2023-03-02,1307052,209128320,15420,1711,8380,character_closeup
v701,Fluffy Bunny Dreams #701,animation,2024-10-27,1084355,87832755,24177,5044,11088,character_closeup
v702,Cool Unicorn Dreams #702,animation,2024-09-24,343196,85455804,4450,1291,457,character_closeup
v703,Fluffy Cookie Parade #703,education,2024-03-05,1182026,166665666,12977,2020,21376,minimal
v704,Magic Kitten Dreams #704,education,2023-07-09,2006330,331044450,20204,1632,27628,colorful
v705,Super Princess Dreams #705,education,2024-04-07,1989088,240679648,90765,2391,11490,colorful
v706,Giant Bunny Sing-Along #706,animation,2024-03-27,336398,70643580,8814,413,5605,character_closeup
v707,Sweet Cloud World #707,education,2023-08-27,1294942,290067008,36089,5168,6318,minimal
v708,Cosmic Robot Daycare #708,education,2024-07-24,508276,87423472,21509,1925,9662,minimal
v709,Happy Garden Chaos #709,animation,2024-09-08,2012465,185146780,80230,1211,22371,bright
v710,Sleepy Crayon Dreams #710,animation,2024-09-16,6844,1129260,77,24,94,bright
v711,Super Pirate Parade #711,entertainment,2023-11-03,2247621,705752994,30106,1629,24197,bright
v712,Cosmic Sunflower Champions #712,animation,2023-05-16,418848,132774816,15474,741,2110,colorful
v713,Wild Puppy Chaos #713,entertainment,2023-04-26,2316740,787691600,96497,7337,26314,bright
v714,Sparkly Sunflower Dreams #714,education,2024-06-11,294507,64497033,6952,1294,5568,character_closeup
v715,Sweet Ocean Heroes #715,animation,2023-07-21,1316560,342305600,57022,1452,2578,bright
v716,Magic Bunny Parade #716,entertainment,2023-04-06,2402767,901037625,73388,4546,31128,bright
v717,Magic Moon Builders #717,entertainment,2023-07-11,2048340,417861360,59357,1306,35010,character_closeup
v718,Funny Dragon Adventures #718,animation,2023-01-05,1857344,681645248,34332,5275,30377,cartoon
v719,Giant Castle World #719,entertainment,2024-10-12,1575879,444397878,63326,6537,14223,minimal
v720,Brave Garden Adventures #720,education,2024-05-24,1580285,402972675,20052,7858,12619,cartoon
v721,Fluffy Unicorn Builders #721,education,2023-06-22,1169443,306394066,49053,2848,3194,cartoon
v722,Happy Garden World #722,education,2023-04-05,1788728,749477032,89135,6691,28086,cartoon
v723,Cosmic Bunny Heroes #723,entertainment,2023-10-22,2085904,803073040,44859,4506,32484,character_closeup
v724,Bouncy Kitchen Parade #724,entertainment,2023-12-24,1942528,703195136,26976,6354,34798,minimal
v725,Tiny Kitten Dreams #725,education,2023-03-31,957643,361989054,23967,3652,3493,bright
v726,Super Cloud Adventures #726,education,2024-02-10,2308919,690366781,53380,7372,24644,cartoon
v727,Magic Robot Champions #727,education,2024-01-07,543266,49437206,9019,1383,6407,cartoon
v728,Fluffy Kitchen Party #728,education,2023-04-24,195043,42324331,4364,869,3346,minimal
v729,Magic Bunny Mystery #729,animation,2024-02-09,1487933,388350513,49132,7421,7844,bright
v730,Happy Crayon Builders #730,education,2024-08-29,1867670,169957970,59665,1960,32337,bright
v731,Tiny Unicorn Daycare #731,education,2024-09-02,1253481,480083223,55479,795,19730,bright
v732,Golden Bubble Dreams #732,animation,2023-10-30,77808,24976368,1669,303,105,character_closeup
v733,Fluffy Kitchen Adventures #733,animation,2024-10-13,827178,153027930,22835,1400,1545,minimal
v734,Giant Sunflower Friends #734,animation,2023-02-02,949588,99706740,30327,2041,8191,cartoon
v735,Tiny Forest Party #735,animation,2024-05-10,521339,123557343,21688,950,5205,minimal
v736,Magic Ocean Chaos #736,animation,2023-07-12,265852,87997012,7698,760,1188,minimal
v737,Brave Bunny Heroes #737,education,2024-06-27,1776354,191846232,62756,2357,10429,character_closeup
v738,Silly Robot Heroes #738,entertainment,2023-11-06,1802595,596658945,41023,3771,35826,minimal
v739,Brave Crayon Party #739,education,2023-04-12,896522,328127052,10561,1934,1300,bright
v740,Wild Bunny Chaos #740,animation,2023-05-17,359307,132584283,9164,408,2708,cartoon
v741,Cosmic Dinosaur Parade #741,education,2024-06-19,465229,121889998,12688,1714,5530,colorful
v742,Silly Unicorn Builders #742,entertainment,2023-05-25,1308372,159621384,34686,2816,10433,colorful
v743,Magic Cloud Parade #743,animation,2024-09-27,1522108,403358620,61880,3882,24072,bright
v744,Little Cloud Heroes #744,entertainment,2023-10-25,1224761,197186521,37956,3166,9423,character_closeup
v745,Sparkly Moon Mystery #745,entertainment,2024-01-26,1526999,167969890,44738,3072,16408,character_closeup
v746,Little Kitchen Adventures #746,animation,2024-01-07,2416561,799881691,78407,8614,40720,cartoon
v747,Funny Ocean Parade #747,entertainment,2024-07-23,883447,207610045,25309,2698,12376,bright
v748,Funny Robot Champions #748,education,2023-07-29,589530,141487200,21943,2624,4472,cartoon
v749,Cool Puppy Sing-Along #749,entertainment,2024-07-04,675790,68930580,15359,1484,4076,character_closeup
v750,Mystery Space Chaos #750,entertainment,2023-10-14,2412642,649000698,96166,1720,21266,bright
v751,Little Bunny Adventures #751,animation,2023-08-24,1508053,435827317,37146,1930,14045,minimal
v752,Cosmic Space Sing-Along #752,education,2023-03-24,2033786,543020862,97067,2997,8040,bright
v753,Mystery Dragon Builders #753,animation,2023-10-04,340111,129242180,9567,1087,4962,minimal
v754,Happy Unicorn Adventures #754,education,2023-08-30,230922,21706668,9879,721,1107,cartoon
v755,Cosmic Puppy Heroes #755,entertainment,2023-10-31,1443785,235336955,34688,4470,5962,character_closeup
v756,Fluffy Unicorn Sing-Along #756,education,2024-05-25,1482066,526133430,18263,7407,6394,minimal
v757,Sweet Cookie Heroes #757,education,2024-04-28,51443,7973665,2467,237,971,colorful
v758,Sweet Kitchen World #758,entertainment,2024-02-01,819151,294894360,39832,1067,6287,colorful
v759,Little Kitchen Builders #759,animation,2024-08-03,1276326,444161448,19302,3492,22754,bright
v760,Cosmic Cloud Heroes #760,education,2023-04-06,2215432,361115416,110312,9046,13328,cartoon
v761,Golden Kitten Sing-Along #761,education,2024-08-18,1810812,479865180,65411,6368,4078,colorful
v762,Sleepy Cloud Friends #762,entertainment,2023-12-07,1701765,280791225,78795,7509,33301,bright
v763,Little Dragon Mystery #763,animation,2024-12-23,1298946,497496318,61946,3210,3580,colorful
v764,Sleepy Dragon Sing-Along #764,entertainment,2024-08-08,1764260,686297140,75795,3359,23592,cartoon
v765,Sparkly Castle World #765,entertainment,2023-10-25,183599,38004993,9179,319,3343,cartoon
v766,Rainbow Unicorn Parade #766,entertainment,2023-02-19,117918,42450480,4896,59,977,character_closeup
v767,Tiny Puppy Heroes #767,entertainment,2024-11-13,175852,62603312,5270,846,3120,bright
v768,Fluffy Pirate Chaos #768,education,2024-06-05,1682968,477962912,74637,7291,20870,cartoon
v769,Fluffy Bunny Champions #769,entertainment,2024-05-22,333753,132499941,15580,552,5749,character_closeup
v770,Wild Dinosaur Daycare #770,education,2023-02-16,1974253,499486009,49927,3793,14926,character_closeup
v771,Secret Crayon Dreams #771,animation,2024-01-07,959684,221687004,23015,3205,12766,character_closeup
v772,Tiny Space Dreams #772,entertainment,2023-03-30,1875642,609583650,75443,6851,20591,cartoon
v773,Tiny Garden Parade #773,animation,2023-07-09,32078,10810286,468,139,436,cartoon
v774,Mystery Kitten Mystery #774,animation,2024-06-19,2105524,570597004,79247,8944,12472,bright
v775,Tiny Kitten Builders #775,education,2023-07-29,1648984,529323864,47915,5966,6205,minimal
v776,Happy Unicorn World #776,animation,2023-08-14,282145,82104195,4500,767,3945,minimal
v777,Silly Bunny Builders #777,animation,2024-08-18,1880106,250054098,85642,2533,32674,minimal
v778,Sparkly Sunflower Mystery #778,animation,2024-08-14,1167490,154108680,14006,929,8776,minimal
v779,Giant Bunny Champions #779,animation,2023-07-21,1099527,168227631,42115,4667,9566,cartoon
v780,Fluffy Moon Adventures #780,education,2023-08-25,1580067,508781574,67321,7313,31223,character_closeup
v781,Cool Bubble World #781,entertainment,2024-01-02,257698,48189526,8185,605,4487,minimal
v782,Sparkly Moon Sing-Along #782,animation,2024-11-10,978939,291723822,19725,1311,18796,character_closeup
v783,Little Unicorn Mystery #783,education,2024-10-02,588054,158186526,11902,2406,10898,character_closeup
v784,Funny Princess Dreams #784,animation,2024-05-24,599397,200198598,25583,2072,11356,character_closeup
v785,Little Dragon Champions #785,education,2023-11-27,965230,136097430,30286,1632,16410,cartoon
v786,Silly Garden Adventures #786,animation,2023-01-18,144270,59439240,2733,557,2844,bright
v787,Happy Puppy Friends #787,education,2023-03-28,313008,58219488,10065,691,1026,colorful
v788,Bouncy Ocean Builders #788,entertainment,2023-05-27,2106730,301262390,61669,3378,40369,bright
v789,Giant Ocean Friends #789,education,2023-07-09,1078990,74450310,28476,4379,20813,bright
v790,Bouncy Cookie Sing-Along #790,entertainment,2023-03-15,936618,110520924,28861,2521,15466,minimal
v791,Rainbow Ocean Dreams #791,animation,2024-01-27,174300,15861300,2847,396,510,minimal
v792,Little Garden Champions #792,education,2023-03-23,2379448,885154656,52772,7637,18130,character_closeup
v793,Magic Cloud Adventures #793,entertainment,2024-04-20,787499,251999680,9406,3358,11799,bright
v794,Golden Forest Parade #794,entertainment,2023-11-18,450334,105828490,17231,1327,4420,minimal
v795,Happy Dragon Sing-Along #795,animation,2023-03-28,1841034,417914718,35673,4954,32595,minimal
v796,Happy Robot Builders #796,education,2023-10-11,1643910,440567880,78144,3572,20934,cartoon
v797,Bouncy Dragon Dreams #797,animation,2023-09-07,256610,16679650,7907,1129,4714,colorful
v798,Tiny Princess Chaos #798,animation,2024-12-14,2238531,322348464,104540,7184,23425,bright
v799,Rainbow Cookie Chaos #799,entertainment,2024-09-24,1327302,464555700,15829,5885,12320,cartoon
v800,Silly Puppy Adventures #800,education,2023-10-07,2064517,534709903,95522,7622,32478,cartoon
v801,Happy Puppy Mystery #801,entertainment,2024-10-09,2231016,522057744,57244,10194,40159,character_closeup
v802,Sweet Kitchen Heroes #802,entertainment,2024-07-07,2017966,197760668,22141,8079,3490,colorful
v803,Golden Princess Daycare #803,education,2023-11-28,1570313,125625040,68845,4756,26702,colorful
v804,Rainbow Princess Sing-Along #804,entertainment,2023-11-24,1089119,455251742,27025,4237,5803,colorful
v805,Golden Ocean Champions #805,animation,2024-02-17,18310,4778910,317,40,347,minimal
v806,Happy Dragon Builders #806,education,2023-09-26,2236957,639769702,59082,5344,40583,character_closeup
v807,Tiny Space Mystery #807,animation,2023-09-02,1923938,434809988,87643,7002,22052,character_closeup
v808,Funny Ocean Chaos #808,entertainment,2023-10-10,1804886,525221826,75557,1100,35917,cartoon
v809,Tiny Cookie Adventures #809,education,2024-01-08,643817,172542956,17493,2022,7780,colorful
v810,Sparkly Sunflower Friends #810,entertainment,2024-09-19,257949,18314379,9059,232,2132,bright
v811,Super Princess Daycare #811,animation,2024-11-25,1821201,586426722,47471,7488,10598,bright
v812,Little Puppy Dreams #812,animation,2023-03-11,579342,115289058,18121,622,5234,minimal
v813,Fluffy Bunny Party #813,animation,2024-08-13,942070,79133880,15364,975,13904,minimal
v814,Silly Cookie Parade #814,animation,2024-12-07,98304,8355840,3138,377,827,minimal
v815,Mystery Bunny Adventures #815,entertainment,2024-05-26,2410769,945021448,30459,5848,43340,minimal
v816,Mystery Forest Mystery #816,entertainment,2024-06-17,2151604,413107968,72441,5321,34343,bright
v817,Happy Robot Adventures #817,animation,2024-06-15,1732832,526780928,30781,5499,11508,bright
v818,Tiny Pirate Builders #818,entertainment,2024-12-12,163454,55574360,2972,586,1584,character_closeup
v819,Sweet Bubble Builders #819,animation,2023-11-20,929855,107863180,37203,4334,16616,cartoon
v820,Rainbow Ocean Parade #820,animation,2024-04-11,788962,56016302,33203,1022,13299,cartoon
v821,Little Bunny Champions #821,animation,2024-03-13,319955,46713430,9561,1436,5878,minimal
v822,Sweet Princess Builders #822,entertainment,2024-03-09,2325630,600012540,66332,6128,26254,character_closeup
v823,Sweet Robot Dreams #823,entertainment,2023-08-24,219350,15135150,4822,499,4353,colorful
v824,Fluffy Robot Champions #824,education,2024-10-08,1530497,439252639,48923,7126,25954,cartoon
v825,Wild Kitchen Mystery #825,entertainment,2023-10-21,942497,257301681,29832,3842,9667,cartoon
v826,Golden Space Party #826,entertainment,2023-12-20,2020614,848657880,66027,8987,22300,minimal
v827,Super Forest Chaos #827,animation,2024-01-25,95508,28270368,2595,372,127,bright
v828,Bouncy Puppy Sing-Along #828,education,2024-07-23,1478548,291273956,66308,1172,25750,character_closeup
v829,Sparkly Bubble World #829,entertainment,2023-07-11,2032698,455324352,90133,3297,14028,character_closeup
v830,Cosmic Bubble Champions #830,entertainment,2024-08-30,1417314,456375108,63791,2383,3704,minimal
v831,Super Castle Friends #831,education,2024-03-07,2465846,690436880,115050,11886,12957,character_closeup
v832,Magic Ocean World #832,education,2024-05-13,1163800,104742000,14730,2720,13942,character_closeup
v833,Magic Puppy Builders #833,education,2024-03-07,948566,108136524,33256,3471,6506,bright
v834,Cosmic Garden Champions #834,education,2023-09-18,2058804,763816284,30486,9437,24964,minimal
v835,Magic Kitchen Heroes #835,education,2023-12-20,1834316,188934548,71747,7330,18486,cartoon
v836,Cool Garden Champions #836,education,2024-04-02,1079829,275356395,25716,1326,18638,minimal
v837,Golden Crayon Chaos #837,entertainment,2024-10-18,707204,219940444,22451,2556,4336,bright
v838,Rainbow Robot World #838,education,2023-06-21,894240,163645920,19097,681,5138,character_closeup
v839,Mystery Pirate Dreams #839,entertainment,2023-09-15,193237,41159481,2658,137,1173,colorful
v840,Rainbow Castle Daycare #840,animation,2023-02-15,197867,40760602,2549,612,2972,bright
v841,Golden Dinosaur Heroes #841,education,2024-11-09,1347124,196680104,53558,5101,2282,bright
v842,Sleepy Ocean Mystery #842,entertainment,2024-02-16,905730,273530460,34731,3366,8248,minimal
v843,Sleepy Kitchen Parade #843,education,2023-08-12,2189474,225515822,56737,10131,35286,colorful
v844,Wild Robot Adventures #844,animation,2023-01-25,579045,107702370,11857,522,8833,bright
v845,Sleepy Unicorn Builders #845,entertainment,2023-08-04,649154,102566332,9371,756,6989,minimal
v846,Cool Pirate Daycare #846,entertainment,2023-06-04,262825,34955725,8729,1072,2199,character_closeup
v847,Little Kitchen Mystery #847,education,2023-12-16,138033,54108936,5952,435,1252,colorful
v848,Fluffy Cloud Chaos #848,entertainment,2023-03-11,1156461,238230966,14584,4880,9609,minimal
v849,Rainbow Bubble Heroes #849,entertainment,2023-10-30,1803763,324677340,46362,7383,18505,colorful
v850,Giant Crayon Sing-Along #850,education,2024-09-12,1780615,400638375,24288,8486,21570,bright
v851,Sweet Ocean Dreams #851,entertainment,2024-02-25,346766,105416864,8676,1681,1603,minimal
v852,Cosmic Dragon Dreams #852,education,2023-07-04,1574524,461335532,66135,6212,6087,character_closeup
v853,Super Princess Heroes #853,animation,2023-09-06,458148,36651840,6590,1001,6722,bright
v854,Little Sunflower Adventures #854,animation,2023-04-12,1736149,274311542,36615,4618,28885,character_closeup
v855,Brave Space Adventures #855,animation,2023-03-29,361785,141096150,6004,1410,6779,cartoon
v856,Wild Kitten Party #856,education,2024-05-03,934483,377531132,9808,3461,1296,character_closeup
v857,Sweet Space Party #857,entertainment,2023-03-15,1771162,345376590,56513,1111,20535,character_closeup
v858,Sleepy Cloud Champions #858,education,2024-05-22,1851979,607449112,60090,7619,11843,bright
v859,Giant Cloud Party #859,animation,2024-07-29,1883156,674169848,71711,7016,23133,minimal
v860,Golden Robot Mystery #860,entertainment,2023-03-19,2226159,552087432,35881,7117,2342,colorful
v861,Happy Cloud Daycare #861,entertainment,2024-09-09,380973,147817524,4370,1414,753,character_closeup
v862,Funny Dragon Sing-Along #862,entertainment,2023-05-20,2024135,313740925,56627,4080,23157,bright
v863,Cool Robot Dreams #863,animation,2024-11-25,517713,114932286,22326,2586,2086,minimal
v864,Fluffy Princess Adventures #864,entertainment,2023-12-10,1175771,243384597,30788,2111,20838,minimal
v865,Fluffy Cloud Party #865,entertainment,2023-04-23,1347021,429699699,40135,2235,7365,minimal
v866,Little Pirate Heroes #866,animation,2024-09-24,179046,31154004,3805,137,771,minimal
v867,Magic Bubble Heroes #867,entertainment,2024-09-17,1620281,353221258,72209,4033,26571,cartoon
v868,Brave Kitchen Party #868,education,2024-01-19,2004506,362815586,60725,9221,31961,minimal
v869,Silly Pirate Party #869,education,2023-10-24,525893,174070583,22370,1767,4198,bright
v870,Funny Dinosaur Dreams #870,animation,2024-09-29,447872,116894592,10381,1772,5995,character_closeup
v871,Sweet Moon Sing-Along #871,entertainment,2023-02-19,297763,87542322,7606,1266,4346,bright
v872,Bouncy Bubble Dreams #872,animation,2023-01-22,2462819,822581546,33682,4245,3986,character_closeup
v873,Magic Cloud Mystery #873,education,2024-11-20,690103,49687416,7503,2649,11496,character_closeup
v874,Brave Garden Friends #874,animation,2024-09-01,2440942,654172456,105112,11654,4637,minimal
v875,Rainbow Bunny Mystery #875,education,2024-07-01,627677,205250379,20526,2486,9323,cartoon
v876,Sleepy Moon Champions #876,entertainment,2024-08-27,1520066,586745476,18462,4966,25071,character_closeup
v877,Happy Princess World #877,animation,2024-06-02,1614465,644171535,18727,5564,3610,cartoon
v878,Magic Pirate Party #878,education,2024-07-07,1306628,376308864,58269,3066,8721,bright
v879,Wild Kitchen Sing-Along #879,animation,2023-03-27,1081816,311563008,45345,4011,20602,cartoon
v880,Magic Dragon Dreams #880,education,2024-07-03,1796038,319694764,36560,4670,6732,bright
v881,Mystery Dragon Chaos #881,education,2023-10-30,723094,112079570,29308,2663,10291,colorful
v882,Super Bunny Adventures #882,education,2024-07-12,840654,320289174,8626,3687,8333,bright
v883,Magic Princess Friends #883,entertainment,2023-05-04,1755340,326493240,30906,8177,32672,character_closeup
v884,Secret Castle World #884,entertainment,2024-03-27,2395983,975165081,51055,2675,13608,minimal
v885,Magic Dinosaur Adventures #885,education,2023-06-12,2046937,579283171,86014,4185,12600,character_closeup
v886,Silly Castle Friends #886,education,2023-01-18,1531584,278748288,67467,4482,4139,bright
v887,Happy Puppy Parade #887,education,2023-06-01,1114943,115954072,27985,1697,20008,colorful
v888,Wild Moon Adventures #888,animation,2023-03-10,153106,16535448,5099,380,2878,character_closeup
v889,Happy Ocean Mystery #889,animation,2023-10-08,2022056,141543920,70657,9212,3418,character_closeup
v890,Sparkly Puppy Daycare #890,animation,2023-09-23,488451,180238419,4913,2281,2312,colorful
v891,Magic Cookie Builders #891,entertainment,2023-03-08,655192,192626448,17010,1762,7185,bright
v892,Brave Bubble Builders #892,animation,2024-10-04,439852,97207292,7409,1545,8045,minimal
v893,Wild Garden Builders #893,entertainment,2024-09-13,298904,68747920,11134,1302,3308,character_closeup
v894,Silly Space Daycare #894,entertainment,2023-07-06,1384594,214612070,50884,4768,15100,character_closeup
v895,Wild Robot Builders #895,animation,2024-12-04,128703,9395319,2246,577,1930,cartoon
v896,Sleepy Kitchen Chaos #896,education,2024-03-09,1065474,172606788,20927,4277,2786,cartoon
v897,Cosmic Cloud World #897,animation,2023-10-22,984482,302235974,15495,3142,11489,bright
v898,Sleepy Puppy Party #898,education,2024-08-11,1487037,138294441,19848,3600,12522,colorful
v899,Mystery Cloud Adventures #899,education,2024-11-24,1085050,214839900,19233,3156,10867,minimal
v900,Cool Unicorn Champions #900,entertainment,2024-04-26,1826761,326990219,53989,4360,15135,character_closeup
v901,Funny Pirate Friends #901,animation,2024-06-05,460643,159382478,9129,1261,2677,cartoon
v902,Giant Robot Dreams #902,education,2024-07-10,903642,316274700,31318,1529,1606,bright
v903,Little Unicorn Builders #903,education,2023-03-02,584067,110972730,9820,595,1455,colorful
v904,Cosmic Dragon World #904,education,2023-04-10,180591,65012760,4483,482,3598,colorful
v905,Cool Robot Daycare #905,entertainment,2024-12-02,371466,78379326,10747,1697,4225,character_closeup
v906,Little Kitchen Chaos #906,education,2024-03-19,789807,296967432,22920,3657,1980,cartoon
v907,Happy Puppy Mystery #907,entertainment,2024-07-26,838226,197821336,40764,2249,11030,colorful
v908,Cosmic Ocean Dreams #908,animation,2023-10-05,1439208,349727544,38518,3617,11280,bright
v909,Happy Bubble Builders #909,animation,2023-04-18,1769602,180499404,21195,3099,22864,character_closeup
v910,Cosmic Puppy Dreams #910,entertainment,2023-01-02,1301755,223901860,51053,776,13008,bright
v911,Tiny Ocean Friends #911,animation,2023-07-24,366921,112277826,17010,673,3289,cartoon
v912,Rainbow Cookie Champions #912,entertainment,2024-10-04,1045060,182885500,42727,2078,9189,character_closeup
v913,Secret Cloud Dreams #913,animation,2024-07-10,1343685,248581725,26050,1704,16584,bright
v914,Fluffy Bubble Heroes #914,education,2023-03-08,774011,289480114,8367,1712,11126,character_closeup
v915,Tiny Moon Chaos #915,entertainment,2024-04-03,587977,156401882,16973,1869,10615,colorful
v916,Wild Kitten Parade #916,education,2024-06-14,2152819,243268547,98062,8414,2876,colorful
v917,Magic Robot Builders #917,animation,2024-02-22,13061,2364041,184,46,221,character_closeup
v918,Silly Garden Parade #918,entertainment,2024-09-19,1042955,241965560,49944,2062,2427,character_closeup
v919,Little Sunflower Dreams #919,animation,2023-09-03,1970682,132035694,48429,2741,2764,bright
v920,Little Bubble Friends #920,education,2024-02-22,2038929,740131227,89482,3080,4956,character_closeup
v921,Little Space Adventures #921,animation,2024-08-11,2255776,200764064,102102,7383,12844,cartoon
v922,Happy Space Dreams #922,education,2024-08-03,12717,3052080,214,60,93,cartoon
v923,Brave Unicorn Builders #923,entertainment,2024-09-24,2145127,589909925,54638,1110,17445,colorful
v924,Happy Dinosaur Dreams #924,education,2023-01-18,852418,226743188,31334,688,10237,bright
v925,Mystery Castle Chaos #925,animation,2024-07-01,116765,32227140,1637,265,1956,colorful
v926,Super Cloud Party #926,education,2024-12-20,993976,290240992,15049,2694,12692,cartoon
v927,Cool Space Dreams #927,education,2023-01-30,2122965,694209555,50151,5502,33916,character_closeup
v928,Fluffy Bubble Daycare #928,education,2024-05-04,436642,48030620,7002,356,3034,cartoon
v929,Sweet Dragon Daycare #929,entertainment,2023-06-07,1672410,296016570,46959,3055,15972,minimal
v930,Little Pirate World #930,education,2024-10-04,2182412,654723600,78676,8471,39579,minimal
v931,Giant Kitten Friends #931,entertainment,2024-01-18,1003164,280885920,40756,4456,2255,minimal
v932,Sleepy Castle Chaos #932,entertainment,2024-11-22,2412028,841797772,94835,10409,21510,bright
v933,Rainbow Puppy Daycare #933,animation,2024-08-26,129035,15226130,1628,178,196,colorful
v934,Super Sunflower Sing-Along #934,animation,2024-06-23,822040,248256080,27090,1843,1884,character_closeup
v935,Tiny Cookie Champions #935,education,2023-06-01,2026710,318193470,93249,7798,25907,minimal
v936,Golden Robot Daycare #936,entertainment,2023-04-01,2317842,588731868,113049,5990,4380,bright
v937,Secret Robot World #937,education,2023-10-08,1507985,236753645,18384,949,4116,bright
v938,Golden Pirate Daycare #938,animation,2024-09-10,394173,88688925,10720,662,7574,colorful
v939,Secret Unicorn Mystery #939,entertainment,2024-10-26,2486343,283443102,50906,7112,22056,cartoon
v940,Sweet Moon Dreams #940,education,2024-10-02,1855811,218985698,54507,4581,2133,colorful
v941,Happy Princess Builders #941,entertainment,2023-12-31,1849076,758121160,27792,2854,9264,colorful
v942,Bouncy Princess Dreams #942,education,2024-02-18,1807610,238604520,45713,1514,32823,bright
v943,Super Kitchen World #943,animation,2023-03-19,1582693,300711670,73165,3550,18257,character_closeup
v944,Golden Dragon World #944,animation,2024-06-18,754525,245975150,32481,1742,2667,colorful
v945,Silly Ocean Heroes #945,education,2023-11-28,792848,246575728,24390,2175,11234,minimal
v946,Silly Moon Daycare #946,entertainment,2023-11-22,994816,165139456,17128,4631,4118,bright
v947,Fluffy Sunflower Friends #947,entertainment,2024-04-04,31503,10049457,546,137,261,minimal
v948,Happy Dragon Parade #948,animation,2023-08-31,1082300,204554700,15896,5154,1151,minimal
v949,Brave Bubble Sing-Along #949,animation,2023-10-05,2215308,356664588,107310,8694,13791,bright
v950,Mystery Kitten Adventures #950,animation,2024-12-11,1663426,553920858,61715,3904,31873,bright
v951,Wild Castle World #951,education,2023-06-30,2165628,584719560,81841,3895,20480,colorful
v952,Brave Dragon Mystery #952,animation,2023-06-30,2282286,191712024,94027,9642,21261,minimal
v953,Mystery Kitten Party #953,animation,2024-01-02,7893,1752246,248,11,35,cartoon
v954,Cosmic Cookie Champions #954,education,2024-12-04,955431,327712833,23932,4083,12270,cartoon
v955,Golden Kitchen Party #955,education,2023-08-26,403011,119291256,10630,575,1154,cartoon
v956,Giant Pirate Champions #956,entertainment,2023-07-10,672628,277122736,22167,1692,3602,character_closeup
v957,Brave Unicorn Heroes #957,animation,2024-01-04,224554,19985306,6953,815,3845,character_closeup
v958,Mystery Dragon Sing-Along #958,entertainment,2023-05-26,1391571,97409970,54289,5324,13502,cartoon
v959,Sparkly Kitten Daycare #959,animation,2023-05-13,1728891,171160209,24323,3425,9923,colorful
v960,Funny Forest Party #960,entertainment,2024-11-05,2489204,204114728,78053,4737,29164,character_closeup
v961,Fluffy Crayon Daycare #961,education,2023-02-17,1943200,172944800,53416,5075,15468,colorful
v962,Sparkly Kitten Mystery #962,animation,2024-06-23,1610245,515278400,27424,6481,9615,bright
v963,Sparkly Princess Heroes #963,animation,2024-02-08,971550,150590250,31142,1604,7953,character_closeup
v964,Tiny Moon Sing-Along #964,education,2023-04-16,420952,73666600,7402,1733,1621,colorful
v965,Fluffy Forest Sing-Along #965,education,2024-10-12,2310565,545293340,78426,5394,9120,cartoon
v966,Magic Forest Chaos #966,education,2023-12-28,893991,180586182,30232,2458,17066,character_closeup
v967,Magic Puppy Chaos #967,animation,2024-01-23,2040265,538629960,66695,1812,15846,colorful
v968,Sparkly Bunny Friends #968,animation,2023-11-15,1749884,447970304,82689,7561,7951,cartoon
v969,Giant Princess Party #969,animation,2023-11-25,1675073,408717812,79356,7165,27835,minimal
v970,Sleepy Castle Friends #970,entertainment,2023-02-12,559621,210417496,16658,2539,4394,minimal
v971,Secret Castle World #971,animation,2024-10-21,1659337,494482426,74455,6412,31628,cartoon
v972,Tiny Bunny Heroes #972,education,2023-10-09,2149613,584694736,41069,1323,30434,character_closeup
v973,Cool Forest Adventures #973,education,2024-06-15,1867659,709710420,22987,2104,23462,minimal
v974,Funny Pirate Party #974,entertainment,2024-12-10,2208763,501389201,53600,5719,17561,minimal
v975,Super Ocean Builders #975,animation,2023-06-26,165960,36345240,7657,410,2079,cartoon
v976,Wild Cloud Party #976,entertainment,2023-11-10,813270,117924150,15731,2985,8068,character_closeup
v977,Funny Forest Party #977,animation,2023-12-30,1794439,299671313,61640,8683,14871,character_closeup
v978,Sleepy Bunny Mystery #978,education,2024-01-29,1457385,97644795,41645,5860,1854,colorful
v979,Fluffy Castle Champions #979,entertainment,2023-05-02,56228,4273328,1708,186,99,bright
v980,Sleepy Pirate Champions #980,entertainment,2023-06-12,34860,14222880,594,165,464,bright
v981,Cosmic Kitchen Champions #981,entertainment,2023-07-17,1975609,480072987,69816,4551,3859,colorful
v982,Mystery Pirate Mystery #982,animation,2024-08-05,2099946,816878994,91061,6747,34199,colorful
v983,Fluffy Cloud Sing-Along #983,entertainment,2023-02-10,1548005,151704490,42657,6848,9347,cartoon
v984,Fluffy Space Mystery #984,education,2024-10-05,843204,51435444,13418,1606,11477,minimal
v985,Rainbow Kitchen Mystery #985,entertainment,2024-09-17,813114,100013022,12008,2793,3004,bright
v986,Super Space Daycare #986,animation,2023-12-28,2315594,370495040,87541,2562,35921,cartoon
v987,Fluffy Ocean Mystery #987,animation,2023-08-19,908367,281593770,24386,2063,10584,bright
v988,Silly Bubble Parade #988,entertainment,2024-08-03,1803337,182137037,25690,6074,6383,cartoon
v989,Rainbow Dragon Heroes #989,education,2024-08-15,2183889,740338371,47286,3074,9173,minimal
v990,Cosmic Space Parade #990,animation,2024-04-06,5900,991200,148,22,43,cartoon
v991,Funny Forest Mystery #991,entertainment,2024-01-19,1207774,356293330,59246,1409,9226,bright
v992,Sweet Cookie Friends #992,entertainment,2024-06-06,934424,229868304,24939,2508,2700,bright
v993,Giant Bubble Adventures #993,entertainment,2023-10-15,1593679,294830615,16861,1562,21840,minimal
v994,Magic Space Dreams #994,animation,2023-10-04,1258147,266727164,59492,2722,6218,character_closeup
v995,Bouncy Crayon Champions #995,entertainment,2024-02-03,2156719,424873643,47908,2223,16380,cartoon
v996,Sweet Princess Chaos #996,animation,2024-11-08,2316812,384590792,60299,6722,26335,bright
v997,Funny Kitten World #997,education,2023-03-16,324842,57821876,5128,846,357,character_closeup
v998,Golden Princess Chaos #998,entertainment,2023-09-23,2377029,206801523,35318,5355,37362,minimal
v999,Happy Kitchen Daycare #999,education,2024-07-24,266761,89631696,11967,1233,5324,character_closeup
v1000,Super Kitten Sing-Along #1000,education,2024-04-20,1645500,383401500,66042,7741,20803,bright
